{"type":"FeatureCollection","features":[{"type":"Feature","properties":{"adcode":370100,"name":"济南市","center":[116.995101,36.675554]},"geometry":{"type":"MultiPolygon","coordinates":[[[[116.540734,36.408911],[116.523072,36.387213],[116.514435,36.384089],[116.498111,36.369869],[116.478936,36.336791],[116.443297,36.336907],[116.435623,36.321506],[116.424788,36.317746],[116.400925,36.318743],[116.368733,36.303655],[116.325544,36.29051],[116.316956,36.284521],[116.305136,36.270392],[116.301511,36.25935],[116.280618,36.239095],[116.274545,36.221877],[116.249443,36.203651],[116.229293,36.180881],[116.220437,36.173688],[116.241074,36.149396],[116.255849,36.12266],[116.266114,36.109808],[116.267773,36.093726],[116.261696,36.074209],[116.262409,36.052944],[116.265963,36.043804],[116.289079,36.031367],[116.295624,36.031074],[116.29909,36.046193],[116.304765,36.052127],[116.319187,36.054083],[116.333054,36.059959],[116.347002,36.070645],[116.354487,36.084577],[116.38106,36.090604],[116.392265,36.084373],[116.395267,36.073823],[116.403716,36.067799],[116.422048,36.067242],[116.427584,36.059647],[116.423789,36.052245],[116.430354,36.046348],[116.428772,36.038421],[116.443645,36.047136],[116.446335,36.057856],[116.465496,36.064448],[116.49854,36.064704],[116.526828,36.074326],[116.537917,36.086681],[116.541162,36.101277],[116.549236,36.108285],[116.561502,36.108872],[116.563637,36.118895],[116.556753,36.121752],[116.553192,36.133904],[116.537674,36.139645],[116.519771,36.135316],[116.523019,36.145301],[116.514224,36.141197],[116.501623,36.141241],[116.504633,36.148317],[116.516362,36.157154],[116.520481,36.168309],[116.504789,36.176822],[116.496466,36.1927],[116.476257,36.196878],[116.466907,36.214486],[116.48188,36.228324],[116.479581,36.235942],[116.50082,36.24028],[116.506763,36.253364],[116.520075,36.255218],[116.53093,36.245609],[116.546926,36.247826],[116.553416,36.261105],[116.569,36.263549],[116.57588,36.255573],[116.582121,36.268966],[116.595233,36.27409],[116.60423,36.291423],[116.626867,36.296404],[116.643575,36.295857],[116.6702,36.276663],[116.68099,36.275432],[116.695482,36.280123],[116.704778,36.27914],[116.727319,36.294067],[116.756907,36.305302],[116.767094,36.311915],[116.781001,36.311282],[116.802982,36.298981],[116.825053,36.294587],[116.850208,36.301686],[116.849971,36.289756],[116.86223,36.281149],[116.867608,36.264143],[116.885625,36.255572],[116.923185,36.270002],[116.927285,36.262015],[116.944616,36.257392],[116.95123,36.259838],[116.969802,36.243219],[116.981913,36.250686],[116.99701,36.254432],[116.99756,36.265278],[117.021464,36.268835],[117.024373,36.277374],[117.04223,36.283495],[117.04522,36.288526],[117.060967,36.296637],[117.068057,36.296465],[117.071601,36.306939],[117.071285,36.321686],[117.082633,36.345723],[117.101253,36.33859],[117.105596,36.340121],[117.130956,36.334865],[117.136489,36.345465],[117.15531,36.351657],[117.173584,36.352939],[117.176906,36.360597],[117.174926,36.372351],[117.185685,36.37857],[117.194938,36.389575],[117.202766,36.405124],[117.212333,36.406022],[117.236196,36.415138],[117.243775,36.436584],[117.257902,36.449052],[117.269814,36.451057],[117.282978,36.468536],[117.282189,36.475855],[117.300786,36.471888],[117.300787,36.466823],[117.329221,36.466087],[117.340247,36.463452],[117.340799,36.455449],[117.333004,36.437928],[117.33332,36.425537],[117.338836,36.403718],[117.344271,36.393123],[117.345613,36.377744],[117.356565,36.359969],[117.381555,36.337626],[117.382503,36.325862],[117.373514,36.314873],[117.381717,36.296085],[117.381403,36.285284],[117.391579,36.283504],[117.388346,36.26625],[117.407685,36.267658],[117.411005,36.243384],[117.386693,36.237176],[117.38701,36.222735],[117.393323,36.214744],[117.406507,36.210667],[117.421674,36.221407],[117.441207,36.218084],[117.441605,36.203316],[117.446273,36.202922],[117.434249,36.190956],[117.440815,36.186688],[117.455063,36.170004],[117.469556,36.172946],[117.481917,36.159092],[117.470509,36.149975],[117.463063,36.154519],[117.453483,36.149611],[117.440664,36.120627],[117.457445,36.116703],[117.448737,36.110987],[117.450005,36.100282],[117.440905,36.09186],[117.445812,36.087222],[117.467664,36.089656],[117.478834,36.100636],[117.485015,36.096492],[117.499914,36.098194],[117.528996,36.111449],[117.541829,36.106229],[117.547057,36.088057],[117.555845,36.079425],[117.570167,36.074637],[117.59609,36.075785],[117.624821,36.060005],[117.650761,36.049819],[117.684094,36.052385],[117.695286,36.045289],[117.714525,36.038225],[117.719889,36.029644],[117.735749,36.036021],[117.751071,36.019354],[117.744358,36.011912],[117.750599,36.002202],[117.750679,35.991885],[117.756368,35.990591],[117.775101,35.995416],[117.776366,36.007271],[117.788864,36.015133],[117.795274,36.012958],[117.819418,36.013403],[117.822903,36.00807],[117.836047,36.012018],[117.848716,36.006984],[117.860668,36.007529],[117.871351,36.016483],[117.889382,36.020504],[117.908899,36.020182],[117.917189,36.015607],[117.920506,36.005208],[117.929422,36.004552],[117.931868,35.996659],[117.945115,35.996597],[117.937702,36.017404],[117.944167,36.018363],[117.941169,36.042634],[117.927129,36.052318],[117.930126,36.061331],[117.943138,36.062685],[117.936199,36.071913],[117.940534,36.081607],[117.947471,36.081917],[117.948337,36.090281],[117.940926,36.100479],[117.934303,36.094427],[117.925863,36.094317],[117.915443,36.110125],[117.918205,36.117516],[117.90636,36.132871],[117.908491,36.140747],[117.900985,36.152822],[117.9122,36.163479],[117.906434,36.171757],[117.897348,36.172201],[117.910223,36.192664],[117.908959,36.200938],[117.915985,36.203759],[117.922853,36.196651],[117.938234,36.208051],[117.953605,36.20435],[117.962033,36.21466],[117.957541,36.224999],[117.96132,36.248263],[117.969588,36.262315],[117.967225,36.26837],[117.93799,36.274117],[117.927026,36.271914],[117.921108,36.277605],[117.925447,36.283808],[117.916844,36.300583],[117.919131,36.313234],[117.912657,36.317791],[117.91392,36.324801],[117.927809,36.334417],[117.928203,36.341264],[117.909652,36.352958],[117.896934,36.352114],[117.887766,36.339503],[117.889504,36.359278],[117.884601,36.366081],[117.876376,36.356772],[117.874002,36.370661],[117.861735,36.386386],[117.853503,36.389433],[117.849305,36.412929],[117.823649,36.417711],[117.820956,36.42704],[117.82721,36.442941],[117.816837,36.442962],[117.811374,36.436034],[117.793407,36.432142],[117.790557,36.4395],[117.78051,36.434137],[117.773866,36.44109],[117.749759,36.445142],[117.7575,36.452705],[117.751021,36.458977],[117.759553,36.469675],[117.742568,36.47852],[117.751335,36.484307],[117.749674,36.496044],[117.737119,36.498258],[117.729856,36.504813],[117.745644,36.509789],[117.759548,36.509307],[117.759864,36.512804],[117.744774,36.524455],[117.736484,36.525543],[117.733403,36.539725],[117.71778,36.547131],[117.714861,36.559864],[117.68837,36.56874],[117.690183,36.57488],[117.700822,36.581285],[117.709338,36.578342],[117.700821,36.593368],[117.709178,36.600339],[117.691914,36.599243],[117.684584,36.604714],[117.699086,36.605612],[117.700582,36.611349],[117.70894,36.610333],[117.709333,36.627304],[117.702551,36.634937],[117.706256,36.642031],[117.703022,36.651341],[117.692065,36.652764],[117.689226,36.666764],[117.695294,36.684955],[117.709641,36.690946],[117.712006,36.697557],[117.712478,36.70445],[117.733935,36.720698],[117.730619,36.729114],[117.741274,36.748256],[117.71815,36.755683],[117.690005,36.753844],[117.68165,36.76359],[117.671877,36.782988],[117.642243,36.805217],[117.60272,36.821623],[117.574667,36.851136],[117.571503,36.862611],[117.574031,36.877849],[117.57917,36.886569],[117.577904,36.893924],[117.563349,36.915451],[117.52827,36.931239],[117.533576,36.941121],[117.545379,36.933519],[117.547754,36.940396],[117.558756,36.944771],[117.559546,36.959631],[117.543395,36.964712],[117.549334,36.970435],[117.543157,36.979448],[117.530879,36.9781],[117.513844,36.956686],[117.503778,36.968798],[117.488401,36.971827],[117.470335,36.967783],[117.471446,36.960597],[117.452517,36.957076],[117.438193,36.957489],[117.410606,36.95199],[117.408631,36.956582],[117.399868,36.949352],[117.397736,36.954385],[117.385348,36.951355],[117.372021,36.956362],[117.359091,36.994315],[117.347273,37.002718],[117.322306,37.010628],[117.3112,37.020347],[117.30923,37.029968],[117.31994,37.035575],[117.330492,37.046207],[117.333248,37.055777],[117.330253,37.073292],[117.359003,37.068575],[117.384859,37.082742],[117.402929,37.088678],[117.435804,37.092849],[117.453529,37.109227],[117.449333,37.116952],[117.444423,37.142967],[117.444421,37.153206],[117.437774,37.156104],[117.436428,37.170085],[117.429783,37.183459],[117.411603,37.199214],[117.398651,37.216333],[117.396046,37.223977],[117.402438,37.238863],[117.422819,37.238952],[117.418076,37.24253],[117.424715,37.253559],[117.437605,37.249237],[117.431989,37.257029],[117.430563,37.27151],[117.426056,37.271187],[117.423841,37.284312],[117.411276,37.295719],[117.402665,37.32081],[117.407558,37.34844],[117.401398,37.352771],[117.409056,37.363304],[117.394686,37.378166],[117.362353,37.395518],[117.353921,37.404826],[117.361956,37.418675],[117.363452,37.435152],[117.347062,37.450027],[117.303037,37.446695],[117.289327,37.453028],[117.301617,37.461147],[117.298465,37.46528],[117.277896,37.470824],[117.279788,37.478561],[117.306419,37.48626],[117.311538,37.498551],[117.30106,37.506941],[117.280414,37.509271],[117.278284,37.521491],[117.269453,37.525425],[117.267323,37.531851],[117.25478,37.529319],[117.232119,37.53213],[117.223981,37.528118],[117.215052,37.512401],[117.19323,37.486342],[117.169892,37.485268],[117.157631,37.478102],[117.129401,37.474327],[117.118652,37.482928],[117.103568,37.478079],[117.092599,37.468792],[117.098756,37.454383],[117.096073,37.444855],[117.083059,37.434141],[117.032343,37.434626],[117.024634,37.44215],[117.012447,37.435079],[117.006158,37.418897],[117.013708,37.404615],[117.00223,37.391739],[116.993347,37.376272],[117.003727,37.358954],[117.00074,37.354432],[116.98132,37.34205],[116.980849,37.334697],[116.987535,37.321359],[116.996345,37.285301],[117.018283,37.278195],[117.032913,37.265781],[117.024262,37.263497],[117.026308,37.252509],[117.035197,37.246914],[117.036614,37.238116],[117.030557,37.236658],[117.029929,37.223365],[117.016324,37.214407],[117.03174,37.20664],[117.031348,37.194456],[117.039294,37.196427],[117.051337,37.191383],[117.0574,37.181892],[117.05567,37.16421],[117.04457,37.16017],[117.048587,37.140996],[117.053705,37.136522],[117.041347,37.134039],[117.038831,37.121929],[117.018301,37.119035],[116.998644,37.120648],[116.976785,37.113099],[116.925855,37.100089],[116.913398,37.092683],[116.91411,37.080998],[116.91963,37.069469],[116.923022,37.050678],[116.938625,37.041961],[116.943036,37.036168],[116.937523,37.030551],[116.902203,37.018727],[116.886019,37.002397],[116.869426,36.998948],[116.880175,36.991135],[116.88057,36.98327],[116.893603,36.977208],[116.892184,36.962431],[116.90213,36.962993],[116.927761,36.959303],[116.926266,36.945923],[116.929813,36.934294],[116.916965,36.934266],[116.92879,36.925704],[116.951788,36.916194],[116.957457,36.893599],[116.956123,36.867254],[116.957148,36.842414],[116.942427,36.839004],[116.938568,36.844691],[116.929114,36.844905],[116.930297,36.829541],[116.927619,36.823503],[116.913822,36.822594],[116.886907,36.829835],[116.881534,36.833232],[116.876874,36.823866],[116.882406,36.811226],[116.867233,36.811809],[116.862648,36.801678],[116.859963,36.777696],[116.865183,36.759003],[116.878303,36.758097],[116.881228,36.745404],[116.868426,36.739702],[116.856172,36.73019],[116.836872,36.727673],[116.825244,36.723645],[116.797086,36.706485],[116.794004,36.694176],[116.774953,36.690787],[116.775034,36.671303],[116.771559,36.660473],[116.757422,36.651724],[116.753792,36.63251],[116.736354,36.620155],[116.707501,36.608668],[116.687728,36.607739],[116.688753,36.591],[116.676862,36.580465],[116.655756,36.578296],[116.657411,36.563036],[116.653474,36.552964],[116.641264,36.544068],[116.624161,36.544572],[116.617381,36.532649],[116.602944,36.520122],[116.604681,36.516103],[116.621799,36.508858],[116.618883,36.497247],[116.596631,36.495247],[116.587867,36.485999],[116.590237,36.480413],[116.607605,36.473457],[116.606028,36.459143],[116.615497,36.441481],[116.614394,36.428569],[116.606979,36.423384],[116.585819,36.416341],[116.540734,36.408911]]]]}},{"type":"Feature","properties":{"adcode":370200,"name":"青岛市","center":[120.35007,36.082745]},"geometry":{"type":"MultiPolygon","coordinates":[[[[120.845403,36.612092],[120.781389,36.58939],[120.774905,36.59127],[120.772216,36.600258],[120.760678,36.606712],[120.752699,36.605788],[120.746697,36.614737],[120.720891,36.624142],[120.703466,36.621115],[120.703546,36.612649],[120.694325,36.606404],[120.698189,36.59809],[120.674943,36.58898],[120.660681,36.587281],[120.659342,36.58331],[120.633095,36.574079],[120.631279,36.597645],[120.638768,36.613286],[120.640028,36.626365],[120.652718,36.626464],[120.655868,36.647799],[120.644282,36.655679],[120.647434,36.663134],[120.637343,36.665916],[120.622675,36.659679],[120.620465,36.671069],[120.626776,36.673187],[120.614547,36.681377],[120.611862,36.689597],[120.585086,36.694328],[120.581448,36.698655],[120.591881,36.707877],[120.580576,36.728307],[120.579389,36.735037],[120.557869,36.736251],[120.555651,36.742256],[120.541632,36.74435],[120.539729,36.761847],[120.536005,36.767605],[120.550659,36.778448],[120.55905,36.795077],[120.558732,36.802681],[120.585706,36.801312],[120.596848,36.804756],[120.607665,36.828964],[120.605138,36.832645],[120.585071,36.838524],[120.582857,36.843363],[120.591313,36.852407],[120.583725,36.858763],[120.575186,36.858596],[120.57194,36.879586],[120.588228,36.881838],[120.618155,36.890546],[120.618153,36.907055],[120.612708,36.910816],[120.588225,36.911898],[120.570274,36.926709],[120.566395,36.948318],[120.55848,36.951341],[120.55555,36.960284],[120.561803,36.965207],[120.563779,36.9829],[120.569318,36.98718],[120.571216,36.99868],[120.577623,37.001401],[120.589165,36.990869],[120.601725,37.000811],[120.597064,37.012307],[120.609224,37.023439],[120.601484,37.046744],[120.581808,37.048096],[120.579752,37.057708],[120.566147,37.045965],[120.554195,37.046982],[120.545009,37.040819],[120.536927,37.043673],[120.528446,37.053426],[120.535023,37.059865],[120.531534,37.081433],[120.542862,37.11248],[120.537711,37.128132],[120.523127,37.136144],[120.522253,37.142757],[120.512342,37.148347],[120.501875,37.148196],[120.500766,37.142893],[120.488793,37.133812],[120.488,37.126038],[120.473571,37.123486],[120.457799,37.114399],[120.43507,37.121849],[120.434278,37.116108],[120.409917,37.109748],[120.401855,37.11198],[120.407704,37.102333],[120.403674,37.094358],[120.392852,37.095637],[120.382981,37.103417],[120.364437,37.103837],[120.357024,37.099702],[120.35261,37.0836],[120.343385,37.076358],[120.340546,37.087051],[120.331164,37.091335],[120.331715,37.103535],[120.326511,37.111238],[120.315473,37.105837],[120.31019,37.112345],[120.295048,37.118907],[120.29828,37.129464],[120.275714,37.13045],[120.258975,37.11408],[120.240561,37.118265],[120.231465,37.125315],[120.226089,37.10566],[120.224745,37.088913],[120.215328,37.086471],[120.208918,37.069554],[120.211294,37.056075],[120.200132,37.037747],[120.188173,37.033617],[120.18437,37.03744],[120.175418,37.031878],[120.167733,37.033739],[120.16108,37.025107],[120.161952,37.017287],[120.154586,37.012684],[120.136924,37.014571],[120.132727,37.02147],[120.117611,37.015707],[120.096102,37.013544],[120.087015,37.017179],[120.043935,37.019356],[120.029832,36.997757],[120.018725,36.999305],[119.996989,37.012941],[119.988248,37.01165],[119.974937,37.017597],[119.970369,37.010624],[119.956342,37.013213],[119.944517,37.005774],[119.93442,37.003715],[119.918161,36.993594],[119.897064,36.994438],[119.894849,36.997191],[119.846169,37.001608],[119.824225,37.001567],[119.814798,36.999115],[119.799509,37.013299],[119.766348,37.006436],[119.764371,36.996056],[119.745005,36.990304],[119.7375,36.991944],[119.725577,36.987959],[119.716737,36.992879],[119.711449,37.006619],[119.676199,36.998016],[119.65704,37.007832],[119.623912,37.015824],[119.614283,37.01252],[119.613651,37.01747],[119.604333,37.013524],[119.599121,36.995681],[119.592641,36.989053],[119.578255,36.950109],[119.594546,36.920311],[119.594234,36.877981],[119.59234,36.856987],[119.562207,36.805469],[119.558248,36.8025],[119.5451,36.808398],[119.53361,36.799645],[119.533611,36.787437],[119.527192,36.779773],[119.524974,36.764953],[119.529415,36.743057],[119.541543,36.72522],[119.555564,36.720682],[119.561979,36.712879],[119.574405,36.711412],[119.582,36.695949],[119.591251,36.68974],[119.601764,36.66725],[119.608161,36.6644],[119.611638,36.652408],[119.619691,36.638685],[119.645886,36.623486],[119.664888,36.616069],[119.676399,36.606697],[119.695639,36.602407],[119.724597,36.580773],[119.722073,36.562508],[119.741971,36.571528],[119.750426,36.565263],[119.779057,36.554436],[119.792592,36.5514],[119.821423,36.540845],[119.912445,36.5258],[119.915131,36.522021],[119.917898,36.495417],[119.931555,36.496328],[119.931159,36.511439],[119.946225,36.519691],[119.966796,36.522296],[119.969555,36.515539],[119.992319,36.504222],[120.005076,36.509005],[119.998935,36.489291],[120.005471,36.484206],[119.998858,36.477231],[120.001615,36.468579],[120.007521,36.467595],[120.006577,36.454007],[119.99138,36.44613],[119.988938,36.450159],[119.963259,36.449949],[119.948835,36.44415],[119.944655,36.446451],[119.930852,36.427406],[119.928801,36.420046],[119.920117,36.419331],[119.921303,36.403314],[119.9363,36.395006],[119.940324,36.384655],[119.931252,36.380643],[119.925173,36.385159],[119.904716,36.384365],[119.899184,36.381547],[119.89966,36.369954],[119.890806,36.348287],[119.891836,36.334069],[119.886855,36.318798],[119.860183,36.308897],[119.857571,36.302365],[119.849175,36.302312],[119.843552,36.292669],[119.828581,36.278775],[119.823988,36.25881],[119.815116,36.257302],[119.815593,36.244438],[119.802683,36.232759],[119.81417,36.211801],[119.823518,36.210648],[119.817816,36.198895],[119.826452,36.180588],[119.817105,36.177946],[119.815997,36.171244],[119.807917,36.175186],[119.80768,36.167636],[119.786933,36.171561],[119.777357,36.165211],[119.766914,36.167586],[119.742647,36.158538],[119.728352,36.163472],[119.727325,36.172434],[119.71801,36.175472],[119.686301,36.176248],[119.675894,36.180424],[119.665645,36.177861],[119.655477,36.154141],[119.644597,36.137199],[119.64586,36.130573],[119.638367,36.127232],[119.652249,36.108667],[119.651698,36.100911],[119.626853,36.091613],[119.628276,36.067764],[119.661321,36.063023],[119.670309,36.064097],[119.690258,36.053022],[119.698695,36.055231],[119.71187,36.044174],[119.701064,36.028257],[119.675676,36.012082],[119.683718,36.000214],[119.679463,35.982662],[119.684748,35.96371],[119.696341,35.944462],[119.695949,35.923731],[119.710777,35.927312],[119.71583,35.906692],[119.722302,35.902512],[119.732568,35.873091],[119.731464,35.863001],[119.716781,35.865123],[119.719781,35.85673],[119.712916,35.853131],[119.698636,35.863973],[119.681604,35.861856],[119.670648,35.842584],[119.658979,35.841106],[119.64447,35.845306],[119.624039,35.834025],[119.617331,35.816273],[119.607147,35.812873],[119.603673,35.799451],[119.612676,35.789795],[119.606282,35.776777],[119.590953,35.773938],[119.586687,35.753406],[119.600202,35.747647],[119.622551,35.722267],[119.619395,35.713014],[119.608894,35.716878],[119.595939,35.709655],[119.583528,35.715903],[119.571663,35.712563],[119.561136,35.7147],[119.555198,35.721916],[119.53967,35.726876],[119.521837,35.723298],[119.519933,35.730679],[119.512243,35.723798],[119.515574,35.716948],[119.512959,35.7007],[119.509312,35.698051],[119.513596,35.685597],[119.522794,35.674414],[119.518992,35.632399],[119.512254,35.625878],[119.512651,35.615556],[119.531441,35.606179],[119.532791,35.589475],[119.551172,35.59273],[119.57231,35.586502],[119.587019,35.600945],[119.595319,35.590541],[119.60401,35.592288],[119.609696,35.606594],[119.629429,35.598976],[119.646153,35.588992],[119.656798,35.589501],[119.676824,35.590196],[119.712547,35.615743],[119.724542,35.619022],[119.745945,35.617912],[119.747449,35.588768],[119.757092,35.578442],[119.764289,35.577306],[119.774808,35.584957],[119.780823,35.576181],[119.795546,35.582014],[119.787311,35.593955],[119.795149,35.598803],[119.797681,35.609294],[119.787309,35.615539],[119.796888,35.620347],[119.795304,35.626563],[119.813202,35.638701],[119.819062,35.646431],[119.82437,35.64384],[119.826195,35.618489],[119.839582,35.623797],[119.846553,35.622265],[119.863264,35.609042],[119.872527,35.611207],[119.889536,35.628982],[119.897442,35.63321],[119.920118,35.637591],[119.922881,35.650671],[119.90724,35.660877],[119.905817,35.674524],[119.918849,35.696731],[119.939763,35.705679],[119.947885,35.713296],[119.948278,35.725758],[119.944256,35.730027],[119.92532,35.729081],[119.915686,35.737735],[119.91979,35.758427],[119.932025,35.763567],[119.954897,35.759224],[119.964828,35.749178],[119.96278,35.741189],[119.973339,35.739578],[119.980901,35.729776],[119.976097,35.715419],[119.996338,35.720232],[120.005867,35.71322],[120.015003,35.722205],[120.026105,35.752165],[120.032251,35.753812],[120.032171,35.762942],[120.037842,35.77664],[120.044147,35.782142],[120.036028,35.799076],[120.02799,35.805909],[120.03114,35.824634],[120.057462,35.871148],[120.073399,35.885548],[120.078689,35.880154],[120.096857,35.881685],[120.113066,35.888294],[120.118682,35.895063],[120.120105,35.906488],[120.130551,35.905203],[120.13744,35.909182],[120.136646,35.919224],[120.142508,35.90765],[120.151536,35.908961],[120.162782,35.918256],[120.17411,35.936499],[120.202781,35.947237],[120.205712,35.938335],[120.189319,35.933895],[120.179023,35.915532],[120.166983,35.904249],[120.164212,35.888405],[120.180056,35.88734],[120.197006,35.891949],[120.199301,35.910302],[120.20421,35.917519],[120.217033,35.924865],[120.22811,35.941478],[120.241474,35.947396],[120.246532,35.959299],[120.256726,35.96541],[120.279625,35.965475],[120.300058,35.971721],[120.311489,36.002009],[120.30447,36.013996],[120.286169,36.017501],[120.269596,36.004574],[120.27378,35.996277],[120.26628,35.993855],[120.260593,36.000978],[120.249929,35.980749],[120.242657,35.982489],[120.243763,35.991998],[120.251427,36.005351],[120.260513,36.013924],[120.251979,36.024726],[120.239965,36.020356],[120.20816,35.99824],[120.193748,35.995587],[120.218528,36.016295],[120.218606,36.022281],[120.229761,36.030542],[120.225567,36.044814],[120.235929,36.047732],[120.236324,36.060347],[120.226831,36.063737],[120.18986,36.06405],[120.176473,36.06633],[120.168708,36.077027],[120.156666,36.082461],[120.146843,36.095013],[120.11154,36.102569],[120.110669,36.11376],[120.103235,36.127128],[120.122772,36.129442],[120.137256,36.143272],[120.135036,36.173027],[120.159111,36.188525],[120.176379,36.203732],[120.20212,36.211442],[120.212254,36.211256],[120.21938,36.191167],[120.229982,36.189078],[120.239788,36.199254],[120.255912,36.198286],[120.257968,36.182142],[120.271551,36.185565],[120.275736,36.179184],[120.286468,36.185792],[120.305241,36.185117],[120.308157,36.19613],[120.29325,36.20362],[120.288279,36.219081],[120.292381,36.225287],[120.314935,36.232027],[120.331809,36.21372],[120.35365,36.200041],[120.364378,36.177463],[120.353101,36.174494],[120.351839,36.165817],[120.341906,36.155579],[120.328584,36.134443],[120.321176,36.111473],[120.312504,36.107934],[120.307616,36.100023],[120.306197,36.087458],[120.296341,36.071146],[120.28514,36.060408],[120.281116,36.047071],[120.292636,36.045236],[120.291057,36.052315],[120.302968,36.050072],[120.310931,36.059519],[120.319763,36.05934],[120.319527,36.050932],[120.332455,36.054788],[120.337817,36.051463],[120.332851,36.044437],[120.340577,36.04333],[120.352877,36.048686],[120.360054,36.041155],[120.36597,36.044582],[120.365101,36.053156],[120.384039,36.059118],[120.382699,36.051438],[120.399282,36.051308],[120.410187,36.057132],[120.417144,36.054709],[120.432095,36.065235],[120.436844,36.062979],[120.444602,36.072773],[120.462582,36.086958],[120.474867,36.091476],[120.492945,36.086113],[120.52149,36.093391],[120.542649,36.092151],[120.547559,36.097901],[120.542489,36.109526],[120.562443,36.106009],[120.568693,36.1143],[120.576208,36.11148],[120.574628,36.104005],[120.595259,36.101875],[120.603235,36.107289],[120.607499,36.117589],[120.616654,36.119321],[120.62762,36.113372],[120.646306,36.11791],[120.667976,36.129826],[120.690907,36.123685],[120.707458,36.126485],[120.715027,36.134311],[120.711477,36.141989],[120.700678,36.139623],[120.699573,36.152263],[120.693583,36.158815],[120.702252,36.159244],[120.702488,36.164978],[120.692399,36.168507],[120.6883,36.190553],[120.692002,36.203945],[120.684434,36.230102],[120.676318,36.238871],[120.684984,36.251356],[120.681122,36.260155],[120.681513,36.279022],[120.67261,36.281377],[120.655038,36.274799],[120.650152,36.279806],[120.651333,36.288591],[120.661026,36.297441],[120.661655,36.309288],[120.65133,36.322119],[120.658343,36.331735],[120.68734,36.325436],[120.703182,36.328793],[120.733387,36.323562],[120.739622,36.32799],[120.734806,36.338426],[120.724785,36.349631],[120.721944,36.35966],[120.711692,36.360357],[120.704912,36.367937],[120.695611,36.371092],[120.689619,36.390023],[120.706641,36.408508],[120.721149,36.413721],[120.722174,36.422733],[120.732035,36.432621],[120.746163,36.431086],[120.755244,36.434344],[120.756824,36.442993],[120.751925,36.457873],[120.75461,36.462377],[120.823732,36.466482],[120.838296,36.457623],[120.837664,36.441493],[120.833628,36.436861],[120.854283,36.424506],[120.854839,36.412356],[120.846452,36.405944],[120.850253,36.381842],[120.869793,36.373215],[120.867421,36.366971],[120.891292,36.376092],[120.887024,36.389655],[120.898714,36.40612],[120.91379,36.418712],[120.923178,36.410014],[120.930431,36.42099],[120.92089,36.419874],[120.914184,36.42535],[120.912762,36.435328],[120.90321,36.445949],[120.915522,36.455155],[120.929875,36.454618],[120.93366,36.448058],[120.942564,36.44921],[120.947683,36.459093],[120.958865,36.464217],[120.962957,36.477837],[120.950279,36.489201],[120.953901,36.498599],[120.949647,36.50745],[120.957993,36.519084],[120.979161,36.540602],[120.978531,36.545705],[120.964601,36.559317],[120.957437,36.562627],[120.931678,36.565204],[120.91914,36.571923],[120.908014,36.568316],[120.888743,36.579073],[120.887321,36.588867],[120.880207,36.601305],[120.861306,36.605456],[120.845403,36.612092]]],[[[120.579769,36.096251],[120.574866,36.0916],[120.590441,36.090357],[120.582852,36.099526],[120.579769,36.096251]]],[[[120.985232,36.413181],[120.97335,36.428504],[120.965086,36.431463],[120.959183,36.424517],[120.943828,36.42105],[120.94564,36.414689],[120.958948,36.413534],[120.976656,36.41735],[120.985232,36.413181]]],[[[120.999383,36.488064],[120.985067,36.492166],[120.983729,36.485056],[120.999383,36.488064]]],[[[120.872766,35.893692],[120.870789,35.888544],[120.884228,35.897388],[120.872766,35.893692]]],[[[119.729834,35.595849],[119.736469,35.583974],[119.738284,35.591413],[119.733466,35.599749],[119.729834,35.595849]]],[[[120.15361,35.764852],[120.150206,35.7517],[120.153454,35.744766],[120.167871,35.741303],[120.182843,35.748635],[120.187753,35.757084],[120.179594,35.766888],[120.175392,35.788543],[120.166916,35.785606],[120.15361,35.764852]]],[[[120.770277,36.237822],[120.763245,36.230558],[120.77265,36.222173],[120.770277,36.237822]]]]}},{"type":"Feature","properties":{"adcode":370300,"name":"淄博市","center":[118.041595,36.814442]},"geometry":{"type":"MultiPolygon","coordinates":[[[[117.982693,35.947735],[118.015203,35.948933],[118.017092,35.958886],[118.027012,35.964889],[118.026775,35.974157],[118.036303,35.986232],[118.053006,35.99279],[118.060809,36.008959],[118.069878,36.008825],[118.072402,36.017438],[118.078321,36.01193],[118.087241,36.014392],[118.090083,36.024017],[118.103354,36.0298],[118.126682,36.03022],[118.12961,36.023429],[118.17252,36.016867],[118.191765,36.004847],[118.200317,35.97856],[118.187967,35.973926],[118.201269,35.964316],[118.20412,35.955698],[118.219946,35.948189],[118.230624,35.947712],[118.231179,35.939211],[118.240191,35.932129],[118.251412,35.930673],[118.251886,35.925692],[118.263574,35.928483],[118.27565,35.935924],[118.287799,35.937449],[118.297813,35.948851],[118.308377,35.950737],[118.314369,35.946475],[118.338958,35.95574],[118.346997,35.956535],[118.354879,35.970728],[118.376408,35.974867],[118.381141,35.987368],[118.409331,35.990556],[118.42475,35.969482],[118.453561,35.952527],[118.465204,35.960731],[118.496513,35.962439],[118.499524,35.965767],[118.493737,35.976151],[118.480814,35.988657],[118.486995,35.995352],[118.481367,36.005693],[118.470825,36.012662],[118.464089,36.022838],[118.470347,36.031267],[118.483505,36.025682],[118.497695,36.024186],[118.501816,36.02974],[118.511251,36.026087],[118.517035,36.043615],[118.516638,36.053479],[118.507838,36.064046],[118.511009,36.068543],[118.502208,36.074903],[118.49119,36.067594],[118.474701,36.073933],[118.476364,36.092408],[118.472796,36.098096],[118.47874,36.10393],[118.473745,36.118663],[118.486902,36.126941],[118.482145,36.131653],[118.456787,36.140391],[118.451482,36.132262],[118.441267,36.140683],[118.435094,36.132274],[118.42307,36.13242],[118.406946,36.126959],[118.396281,36.131362],[118.39936,36.141378],[118.396357,36.162659],[118.381752,36.174293],[118.368495,36.202842],[118.376146,36.20707],[118.38064,36.238775],[118.373854,36.244992],[118.362496,36.248153],[118.344914,36.263304],[118.309448,36.249217],[118.30117,36.251973],[118.30921,36.266193],[118.307868,36.277202],[118.311809,36.288724],[118.304319,36.295548],[118.309679,36.304284],[118.303293,36.306955],[118.298324,36.321227],[118.285311,36.32604],[118.29438,36.33795],[118.264161,36.339714],[118.256105,36.345719],[118.256974,36.352082],[118.250338,36.363036],[118.234055,36.3766],[118.229626,36.389478],[118.24583,36.401842],[118.244643,36.411057],[118.221636,36.407864],[118.21863,36.414059],[118.222741,36.430558],[118.227011,36.432694],[118.221393,36.451191],[118.227721,36.456425],[118.223844,36.4676],[118.210314,36.47836],[118.206988,36.489852],[118.212527,36.497135],[118.204691,36.503233],[118.207936,36.512843],[118.205006,36.525856],[118.215847,36.531655],[118.208724,36.539078],[118.186003,36.545789],[118.178003,36.560835],[118.174993,36.560387],[118.174754,36.57709],[118.171032,36.582664],[118.174436,36.593267],[118.183621,36.598823],[118.194784,36.611766],[118.208953,36.620855],[118.200719,36.637171],[118.193752,36.638724],[118.210057,36.648617],[118.215357,36.663863],[118.224376,36.660063],[118.220974,36.668079],[118.209976,36.667946],[118.210687,36.680777],[118.222237,36.693699],[118.239238,36.690343],[118.232438,36.696994],[118.221761,36.697305],[118.231804,36.712382],[118.221917,36.717624],[118.228403,36.726124],[118.248479,36.731461],[118.258354,36.723406],[118.271223,36.719472],[118.278561,36.723032],[118.270354,36.731413],[118.265773,36.743674],[118.273744,36.75268],[118.292362,36.753538],[118.291965,36.777286],[118.301664,36.775829],[118.312305,36.779294],[118.315774,36.770478],[118.344305,36.767822],[118.38255,36.790669],[118.413903,36.795747],[118.418566,36.802115],[118.432723,36.809133],[118.434779,36.827583],[118.429556,36.837818],[118.444117,36.83692],[118.447915,36.857007],[118.455597,36.853783],[118.454569,36.846061],[118.475169,36.852152],[118.474138,36.859669],[118.459162,36.86083],[118.471124,36.876376],[118.476988,36.878711],[118.477224,36.900259],[118.469061,36.904754],[118.476034,36.913605],[118.483881,36.913588],[118.490936,36.924238],[118.486575,36.931098],[118.488555,36.941331],[118.461529,36.944893],[118.433103,36.941563],[118.397216,36.942461],[118.395793,36.949134],[118.380559,36.949821],[118.381582,36.970629],[118.378662,36.973707],[118.346332,36.973953],[118.338372,36.96011],[118.318748,36.964181],[118.316461,36.973929],[118.306608,36.970353],[118.288789,36.969142],[118.285788,36.99534],[118.282948,36.999455],[118.265586,37.006217],[118.256743,37.00219],[118.244972,37.002429],[118.241496,36.985621],[118.229243,36.985055],[118.225527,36.974312],[118.216668,36.966596],[118.203848,36.962624],[118.189281,36.966793],[118.186982,36.977173],[118.15491,36.981306],[118.155305,36.987935],[118.145408,36.987878],[118.147149,36.999857],[118.1329,37.005305],[118.133215,37.014008],[118.127912,37.025255],[118.133213,37.032405],[118.133528,37.043657],[118.145401,37.046348],[118.144768,37.054046],[118.151576,37.057088],[118.150862,37.064587],[118.130124,37.064635],[118.129964,37.07704],[118.124345,37.090352],[118.109792,37.09987],[118.10505,37.093888],[118.079933,37.091144],[118.056901,37.082122],[118.050752,37.09294],[118.039878,37.097509],[118.039404,37.105285],[118.051145,37.105418],[118.062495,37.115125],[118.073538,37.120013],[118.058944,37.138804],[118.05374,37.150329],[118.056261,37.161758],[118.068325,37.169547],[118.065406,37.176881],[118.076844,37.184792],[118.071793,37.188144],[118.067926,37.203281],[118.05799,37.209269],[118.041913,37.204802],[118.040179,37.215556],[118.030727,37.220159],[118.016319,37.221393],[118.013565,37.209617],[118.004907,37.206896],[117.988455,37.212082],[117.978458,37.209762],[117.974993,37.218092],[117.967985,37.215921],[117.975148,37.237836],[117.990498,37.245631],[117.98483,37.248354],[117.984671,37.261724],[117.957976,37.271186],[117.941192,37.261631],[117.943004,37.267756],[117.935512,37.280021],[117.903469,37.264571],[117.882681,37.261819],[117.871765,37.27251],[117.84501,37.281898],[117.832658,37.282075],[117.812862,37.275395],[117.776066,37.248047],[117.767605,37.244299],[117.754249,37.244294],[117.723773,37.248447],[117.687425,37.257055],[117.670009,37.269541],[117.65354,37.27355],[117.638407,37.26534],[117.62453,37.246775],[117.621299,37.227594],[117.609465,37.212237],[117.592332,37.202604],[117.586172,37.169188],[117.580482,37.159782],[117.568385,37.150925],[117.545355,37.146302],[117.551533,37.12376],[117.568547,37.120639],[117.571078,37.114344],[117.561982,37.109866],[117.569183,37.088786],[117.585075,37.084614],[117.60261,37.090239],[117.613504,37.089715],[117.638743,37.083467],[117.667983,37.072688],[117.696983,37.068167],[117.720638,37.068214],[117.733738,37.064373],[117.755929,37.065286],[117.765729,37.068481],[117.794362,37.070266],[117.841472,37.065523],[117.834428,37.035111],[117.835933,37.025935],[117.86016,37.023343],[117.864673,37.013013],[117.860557,37.006661],[117.860796,36.992929],[117.864676,36.985109],[117.900815,36.981382],[117.906188,36.974833],[117.904529,36.962293],[117.907611,36.953386],[117.926006,36.941589],[117.930346,36.934593],[117.929637,36.915453],[117.937602,36.929708],[117.943359,36.918069],[117.955967,36.92216],[117.954865,36.910053],[117.944858,36.90184],[117.934529,36.900898],[117.934846,36.891344],[117.92396,36.889958],[117.913147,36.879852],[117.911254,36.869496],[117.886047,36.871572],[117.885336,36.864174],[117.869358,36.860999],[117.859782,36.866265],[117.850758,36.859653],[117.826925,36.85965],[117.822095,36.85556],[117.825977,36.836327],[117.81616,36.824827],[117.814975,36.801214],[117.808721,36.797],[117.809593,36.788275],[117.818382,36.787651],[117.819729,36.775563],[117.834457,36.777271],[117.844832,36.764518],[117.846654,36.750504],[117.827097,36.74458],[117.828521,36.751633],[117.820523,36.76275],[117.814822,36.756092],[117.804216,36.734123],[117.789179,36.719477],[117.787045,36.707173],[117.775971,36.702752],[117.771938,36.694933],[117.74815,36.696648],[117.719657,36.694942],[117.712006,36.697557],[117.709641,36.690946],[117.695294,36.684955],[117.689226,36.666764],[117.692065,36.652764],[117.703022,36.651341],[117.706256,36.642031],[117.702551,36.634937],[117.709333,36.627304],[117.70894,36.610333],[117.700582,36.611349],[117.699086,36.605612],[117.684584,36.604714],[117.691914,36.599243],[117.709178,36.600339],[117.700821,36.593368],[117.709338,36.578342],[117.700822,36.581285],[117.690183,36.57488],[117.68837,36.56874],[117.714861,36.559864],[117.71778,36.547131],[117.733403,36.539725],[117.736484,36.525543],[117.744774,36.524455],[117.759864,36.512804],[117.759548,36.509307],[117.745644,36.509789],[117.729856,36.504813],[117.737119,36.498258],[117.749674,36.496044],[117.751335,36.484307],[117.742568,36.47852],[117.759553,36.469675],[117.751021,36.458977],[117.7575,36.452705],[117.749759,36.445142],[117.773866,36.44109],[117.78051,36.434137],[117.790557,36.4395],[117.793407,36.432142],[117.811374,36.436034],[117.816837,36.442962],[117.82721,36.442941],[117.820956,36.42704],[117.823649,36.417711],[117.849305,36.412929],[117.853503,36.389433],[117.861735,36.386386],[117.874002,36.370661],[117.876376,36.356772],[117.884601,36.366081],[117.889504,36.359278],[117.887766,36.339503],[117.896934,36.352114],[117.909652,36.352958],[117.928203,36.341264],[117.927809,36.334417],[117.91392,36.324801],[117.912657,36.317791],[117.919131,36.313234],[117.916844,36.300583],[117.925447,36.283808],[117.921108,36.277605],[117.927026,36.271914],[117.93799,36.274117],[117.967225,36.26837],[117.969588,36.262315],[117.96132,36.248263],[117.957541,36.224999],[117.962033,36.21466],[117.953605,36.20435],[117.938234,36.208051],[117.922853,36.196651],[117.915985,36.203759],[117.908959,36.200938],[117.910223,36.192664],[117.897348,36.172201],[117.906434,36.171757],[117.9122,36.163479],[117.900985,36.152822],[117.908491,36.140747],[117.90636,36.132871],[117.918205,36.117516],[117.915443,36.110125],[117.925863,36.094317],[117.934303,36.094427],[117.940926,36.100479],[117.948337,36.090281],[117.947471,36.081917],[117.940534,36.081607],[117.936199,36.071913],[117.943138,36.062685],[117.930126,36.061331],[117.927129,36.052318],[117.941169,36.042634],[117.944167,36.018363],[117.937702,36.017404],[117.945115,35.996597],[117.931868,35.996659],[117.931555,35.981323],[117.941335,35.971232],[117.941336,35.960505],[117.948273,35.958024],[117.965683,35.970005],[117.986784,35.971282],[117.978677,35.956329],[117.982693,35.947735]]]]}},{"type":"Feature","properties":{"adcode":370400,"name":"枣庄市","center":[117.552282,34.85739]},"geometry":{"type":"MultiPolygon","coordinates":[[[[117.386325,34.575829],[117.396505,34.570351],[117.39777,34.547835],[117.418463,34.537959],[117.420756,34.526184],[117.433485,34.521009],[117.432221,34.517424],[117.445432,34.507271],[117.459526,34.485632],[117.476158,34.487034],[117.480754,34.483175],[117.481469,34.467476],[117.487411,34.473798],[117.507223,34.473776],[117.532579,34.46849],[117.542162,34.476467],[117.5557,34.47328],[117.564167,34.464392],[117.586702,34.463878],[117.597602,34.478181],[117.604075,34.491819],[117.623646,34.489869],[117.636421,34.498135],[117.641388,34.494213],[117.653447,34.50235],[117.667709,34.517069],[117.676297,34.530766],[117.678817,34.548548],[117.694974,34.546419],[117.742859,34.534509],[117.768223,34.53019],[117.784752,34.520075],[117.795989,34.519926],[117.793454,34.536312],[117.787756,34.549602],[117.788863,34.560883],[117.785695,34.586189],[117.792812,34.622934],[117.787906,34.62667],[117.790278,34.638804],[117.787903,34.652821],[117.80009,34.647329],[117.813545,34.682908],[117.819957,34.685467],[117.826051,34.708857],[117.819558,34.714186],[117.817973,34.729709],[117.824385,34.741917],[117.824937,34.761257],[117.793826,34.769823],[117.778793,34.781585],[117.778237,34.795743],[117.771594,34.802138],[117.792871,34.811557],[117.797934,34.831624],[117.789545,34.83678],[117.75736,34.849671],[117.74709,34.858445],[117.736586,34.874971],[117.723485,34.877808],[117.709365,34.897048],[117.698877,34.907514],[117.692728,34.920799],[117.69848,34.93439],[117.706206,34.935771],[117.708886,34.948587],[117.718506,34.959059],[117.713694,34.969055],[117.720713,34.980265],[117.722209,35.008711],[117.732151,35.013859],[117.738781,35.023389],[117.730412,35.032151],[117.698628,35.031903],[117.701542,35.052966],[117.687432,35.060843],[117.670725,35.066232],[117.651181,35.078209],[117.64503,35.093429],[117.617349,35.113781],[117.598718,35.134713],[117.594691,35.136226],[117.585365,35.153219],[117.580544,35.153666],[117.578092,35.164979],[117.564648,35.169007],[117.550325,35.161916],[117.542724,35.162349],[117.522204,35.184883],[117.521014,35.201132],[117.501282,35.199441],[117.488918,35.206304],[117.474652,35.223124],[117.462058,35.228684],[117.442268,35.232112],[117.44369,35.247052],[117.433405,35.259156],[117.420359,35.261998],[117.413089,35.274192],[117.3999,35.283531],[117.39753,35.30156],[117.393425,35.306537],[117.353531,35.318571],[117.341557,35.315329],[117.3121,35.320522],[117.302647,35.312873],[117.308163,35.302424],[117.30525,35.286195],[117.299893,35.295544],[117.28421,35.299728],[117.278614,35.294676],[117.256372,35.287838],[117.263397,35.261685],[117.214988,35.265257],[117.199018,35.258869],[117.193245,35.247842],[117.170779,35.243475],[117.146734,35.232331],[117.117566,35.231029],[117.09893,35.221715],[117.086937,35.220616],[117.059429,35.228198],[117.047462,35.224507],[117.022992,35.221588],[117.008916,35.215261],[116.990046,35.198292],[116.964169,35.187952],[116.956538,35.177923],[116.932835,35.172822],[116.920302,35.182923],[116.908314,35.179458],[116.899318,35.183135],[116.893,35.196406],[116.871196,35.188671],[116.860764,35.173259],[116.848507,35.169237],[116.827304,35.184964],[116.80571,35.1779],[116.81014,35.171331],[116.807689,35.160135],[116.812436,35.151279],[116.820268,35.148229],[116.826598,35.124418],[116.843213,35.104462],[116.857767,35.092222],[116.883533,35.094582],[116.882823,35.085955],[116.894987,35.069524],[116.875082,35.063375],[116.875793,35.058919],[116.895382,35.060567],[116.902489,35.047807],[116.931747,35.028314],[116.946241,35.021416],[116.951517,35.011338],[116.948999,34.994154],[116.937582,34.97649],[116.949867,34.967992],[116.961596,34.951914],[116.974815,34.941845],[116.983859,34.939525],[117.012011,34.943209],[117.032697,34.938522],[117.037655,34.933471],[117.035295,34.925817],[117.052295,34.927581],[117.055366,34.931016],[117.067812,34.92608],[117.076638,34.935492],[117.097462,34.93802],[117.105121,34.918358],[117.104174,34.905738],[117.114994,34.904186],[117.119896,34.864103],[117.133095,34.854729],[117.134678,34.847186],[117.150731,34.835031],[117.171694,34.829491],[117.188861,34.817053],[117.174466,34.801025],[117.166872,34.799985],[117.15659,34.782895],[117.17067,34.779884],[117.174705,34.785022],[117.185543,34.781758],[117.207135,34.761927],[117.218442,34.746463],[117.230927,34.747295],[117.236301,34.730955],[117.247909,34.722415],[117.265663,34.727462],[117.272999,34.716614],[117.298772,34.715801],[117.30476,34.718256],[117.320278,34.704342],[117.318388,34.698224],[117.329573,34.693355],[117.323353,34.678286],[117.340129,34.671883],[117.350608,34.662534],[117.348245,34.65444],[117.360931,34.65113],[117.368025,34.637059],[117.370707,34.623196],[117.378039,34.62911],[117.396656,34.629304],[117.404867,34.624328],[117.401947,34.611536],[117.391924,34.605286],[117.392952,34.58924],[117.387902,34.588585],[117.386325,34.575829]]]]}},{"type":"Feature","properties":{"adcode":370500,"name":"东营市","center":[118.65908,37.433916]},"geometry":{"type":"MultiPolygon","coordinates":[[[[118.239465,38.143562],[118.230296,38.125022],[118.221675,38.118521],[118.235279,38.111406],[118.239549,38.10259],[118.229352,38.082228],[118.220652,38.078833],[118.224689,38.055992],[118.221606,38.037117],[118.403877,38.052349],[118.413201,38.052193],[118.413837,38.024572],[118.401668,38.025278],[118.217418,38.00018],[118.22359,37.985678],[118.214888,37.981804],[118.217502,37.95901],[118.207531,37.954618],[118.20951,37.948586],[118.218768,37.94978],[118.220985,37.938894],[118.219642,37.922634],[118.226761,37.921733],[118.229452,37.904565],[118.237202,37.894898],[118.230641,37.88372],[118.233173,37.867926],[118.242819,37.857385],[118.24171,37.871011],[118.252221,37.854107],[118.252381,37.843401],[118.26383,37.852326],[118.280403,37.856104],[118.295703,37.869394],[118.307293,37.860686],[118.32211,37.86441],[118.334171,37.83717],[118.328262,37.831255],[118.340083,37.83147],[118.338902,37.823727],[118.350331,37.819913],[118.346312,37.813359],[118.355853,37.791129],[118.342374,37.789808],[118.334573,37.773493],[118.334653,37.763014],[118.347028,37.757218],[118.347659,37.749227],[118.335916,37.745767],[118.331505,37.728606],[118.311566,37.727537],[118.313459,37.712062],[118.310227,37.713295],[118.298562,37.689885],[118.299194,37.682284],[118.288154,37.677707],[118.28721,37.669275],[118.27869,37.661247],[118.255089,37.653819],[118.24055,37.65758],[118.233515,37.655161],[118.219752,37.662871],[118.201472,37.660748],[118.194662,37.666558],[118.189436,37.660887],[118.171065,37.656734],[118.166473,37.643182],[118.159504,37.643723],[118.157446,37.629777],[118.148816,37.627108],[118.151351,37.619427],[118.148819,37.604565],[118.140586,37.599004],[118.142565,37.593143],[118.128716,37.589081],[118.121439,37.577143],[118.125158,37.57033],[118.13307,37.570418],[118.128007,37.557528],[118.135288,37.555356],[118.167116,37.562704],[118.170047,37.556247],[118.167197,37.545972],[118.153736,37.538255],[118.150886,37.529445],[118.14487,37.529594],[118.136401,37.518],[118.130623,37.515851],[118.133236,37.506492],[118.128092,37.506446],[118.128885,37.495814],[118.121686,37.490887],[118.12232,37.482752],[118.114253,37.479809],[118.106586,37.462581],[118.119159,37.458182],[118.112359,37.45524],[118.108723,37.438803],[118.13,37.440766],[118.143851,37.43745],[118.157868,37.415871],[118.159533,37.407335],[118.154069,37.398747],[118.155337,37.389095],[118.137919,37.391927],[118.129374,37.383931],[118.135547,37.375595],[118.148846,37.376529],[118.150114,37.363457],[118.154944,37.361717],[118.196042,37.38162],[118.211002,37.384423],[118.212032,37.370717],[118.216859,37.367107],[118.239477,37.367045],[118.23995,37.375907],[118.252672,37.378371],[118.256148,37.363549],[118.267756,37.359292],[118.280618,37.362022],[118.285983,37.357763],[118.281409,37.351687],[118.309481,37.351725],[118.309328,37.313998],[118.313822,37.305202],[118.320127,37.305747],[118.319655,37.296084],[118.336206,37.294262],[118.336207,37.286267],[118.349211,37.286165],[118.352286,37.279834],[118.362063,37.278744],[118.356623,37.272945],[118.366085,37.272851],[118.369715,37.257648],[118.362381,37.257737],[118.35434,37.243742],[118.344487,37.242964],[118.340705,37.232463],[118.358208,37.209383],[118.369958,37.205306],[118.37059,37.196147],[118.377375,37.189768],[118.381558,37.177019],[118.374458,37.174357],[118.371541,37.153367],[118.360581,37.14601],[118.355613,37.147731],[118.350254,37.138576],[118.341661,37.139069],[118.334727,37.131032],[118.340166,37.12321],[118.332285,37.122428],[118.3434,37.101041],[118.332366,37.102417],[118.332919,37.093207],[118.327009,37.081255],[118.332606,37.071593],[118.331663,37.053246],[118.318659,37.045651],[118.32,37.034836],[118.304316,37.027642],[118.302346,37.019305],[118.28413,37.008914],[118.282948,36.999455],[118.285788,36.99534],[118.288789,36.969142],[118.306608,36.970353],[118.316461,36.973929],[118.318748,36.964181],[118.338372,36.96011],[118.346332,36.973953],[118.378662,36.973707],[118.381582,36.970629],[118.380559,36.949821],[118.395793,36.949134],[118.397216,36.942461],[118.433103,36.941563],[118.461529,36.944893],[118.470798,36.956501],[118.497988,36.951066],[118.497434,36.943795],[118.518917,36.944857],[118.521455,36.939271],[118.532154,36.936384],[118.549105,36.938021],[118.555201,36.946223],[118.551873,36.965029],[118.554247,36.976695],[118.546725,36.979276],[118.548385,36.99984],[118.558598,36.993791],[118.574975,36.994652],[118.560655,36.998665],[118.56564,37.003783],[118.584699,37.001007],[118.578057,37.008068],[118.582878,37.017052],[118.565955,37.021704],[118.540225,37.023092],[118.539828,37.038055],[118.554477,37.040998],[118.552022,37.051048],[118.555741,37.062902],[118.574889,37.06293],[118.585955,37.068084],[118.605386,37.06262],[118.626374,37.066354],[118.62661,37.070023],[118.648524,37.076493],[118.649941,37.082232],[118.659554,37.081298],[118.662784,37.091061],[118.661441,37.11343],[118.668135,37.143786],[118.648043,37.149202],[118.643628,37.163752],[118.64016,37.159096],[118.62865,37.162896],[118.628097,37.170704],[118.639921,37.177659],[118.643704,37.188605],[118.654815,37.187352],[118.663166,37.197889],[118.666709,37.214566],[118.67498,37.228682],[118.703974,37.240611],[118.722658,37.252088],[118.772238,37.279417],[118.816217,37.28815],[118.851356,37.293265],[119.034007,37.303647],[119.004501,37.312479],[118.995454,37.318034],[118.981213,37.33883],[118.975703,37.359156],[118.979873,37.365065],[119.004022,37.37],[119.007011,37.375315],[118.997649,37.382655],[118.976882,37.377392],[118.971688,37.38138],[118.967436,37.403677],[118.95263,37.454262],[118.937343,37.496834],[118.934029,37.526433],[118.946161,37.55536],[118.966627,37.593764],[118.982911,37.620148],[119.018308,37.641036],[119.059323,37.640977],[119.112269,37.647047],[119.14738,37.654454],[119.230462,37.651257],[119.256767,37.659659],[119.274599,37.691676],[119.293754,37.754643],[119.303206,37.804526],[119.298157,37.844643],[119.28625,37.868794],[119.257924,37.880743],[119.234466,37.877226],[119.206795,37.837975],[119.155591,37.818286],[119.129797,37.827019],[119.116747,37.865563],[119.114451,37.896085],[119.104493,37.920396],[119.03928,37.966712],[118.99868,37.991514],[118.990654,38.01326],[118.979478,38.061406],[118.9683,38.093495],[118.952791,38.109516],[118.925763,38.126919],[118.902405,38.138816],[118.871825,38.149028],[118.848012,38.154383],[118.805671,38.156941],[118.771899,38.15623],[118.720582,38.153524],[118.620179,38.13775],[118.602188,38.128512],[118.598321,38.100801],[118.592005,38.078435],[118.559903,38.059617],[118.546761,38.055061],[118.528776,38.062857],[118.524495,38.072534],[118.511255,38.087659],[118.507369,38.103947],[118.498647,38.113172],[118.47724,38.122438],[118.455369,38.125806],[118.443649,38.123382],[118.425371,38.105368],[118.414301,38.106423],[118.397944,38.12],[118.384839,38.122407],[118.374108,38.119033],[118.354078,38.120084],[118.32468,38.124231],[118.268375,38.137812],[118.239465,38.143562]]],[[[118.403877,38.052349],[118.221606,38.037117],[118.217418,38.00018],[118.401668,38.025278],[118.403877,38.052349]]]]}},{"type":"Feature","properties":{"adcode":370600,"name":"烟台市","center":[121.386115,37.53827]},"geometry":{"type":"MultiPolygon","coordinates":[[[[119.571035,37.127098],[119.563203,37.099702],[119.570723,37.087072],[119.554101,37.071334],[119.557904,37.058059],[119.600616,37.039982],[119.607726,37.033715],[119.604333,37.013524],[119.613651,37.01747],[119.614283,37.01252],[119.623912,37.015824],[119.65704,37.007832],[119.676199,36.998016],[119.711449,37.006619],[119.716737,36.992879],[119.725577,36.987959],[119.7375,36.991944],[119.745005,36.990304],[119.764371,36.996056],[119.766348,37.006436],[119.799509,37.013299],[119.814798,36.999115],[119.824225,37.001567],[119.846169,37.001608],[119.894849,36.997191],[119.897064,36.994438],[119.918161,36.993594],[119.93442,37.003715],[119.944517,37.005774],[119.956342,37.013213],[119.970369,37.010624],[119.974937,37.017597],[119.988248,37.01165],[119.996989,37.012941],[120.018725,36.999305],[120.029832,36.997757],[120.043935,37.019356],[120.087015,37.017179],[120.096102,37.013544],[120.117611,37.015707],[120.132727,37.02147],[120.136924,37.014571],[120.154586,37.012684],[120.161952,37.017287],[120.16108,37.025107],[120.167733,37.033739],[120.175418,37.031878],[120.18437,37.03744],[120.188173,37.033617],[120.200132,37.037747],[120.211294,37.056075],[120.208918,37.069554],[120.215328,37.086471],[120.224745,37.088913],[120.226089,37.10566],[120.231465,37.125315],[120.240561,37.118265],[120.258975,37.11408],[120.275714,37.13045],[120.29828,37.129464],[120.295048,37.118907],[120.31019,37.112345],[120.315473,37.105837],[120.326511,37.111238],[120.331715,37.103535],[120.331164,37.091335],[120.340546,37.087051],[120.343385,37.076358],[120.35261,37.0836],[120.357024,37.099702],[120.364437,37.103837],[120.382981,37.103417],[120.392852,37.095637],[120.403674,37.094358],[120.407704,37.102333],[120.401855,37.11198],[120.409917,37.109748],[120.434278,37.116108],[120.43507,37.121849],[120.457799,37.114399],[120.473571,37.123486],[120.488,37.126038],[120.488793,37.133812],[120.500766,37.142893],[120.501875,37.148196],[120.512342,37.148347],[120.522253,37.142757],[120.523127,37.136144],[120.537711,37.128132],[120.542862,37.11248],[120.531534,37.081433],[120.535023,37.059865],[120.528446,37.053426],[120.536927,37.043673],[120.545009,37.040819],[120.554195,37.046982],[120.566147,37.045965],[120.579752,37.057708],[120.581808,37.048096],[120.601484,37.046744],[120.609224,37.023439],[120.597064,37.012307],[120.601725,37.000811],[120.589165,36.990869],[120.577623,37.001401],[120.571216,36.99868],[120.569318,36.98718],[120.563779,36.9829],[120.561803,36.965207],[120.55555,36.960284],[120.55848,36.951341],[120.566395,36.948318],[120.570274,36.926709],[120.588225,36.911898],[120.612708,36.910816],[120.618153,36.907055],[120.618155,36.890546],[120.588228,36.881838],[120.57194,36.879586],[120.575186,36.858596],[120.583725,36.858763],[120.591313,36.852407],[120.582857,36.843363],[120.585071,36.838524],[120.605138,36.832645],[120.607665,36.828964],[120.596848,36.804756],[120.585706,36.801312],[120.558732,36.802681],[120.55905,36.795077],[120.550659,36.778448],[120.536005,36.767605],[120.539729,36.761847],[120.541632,36.74435],[120.555651,36.742256],[120.557869,36.736251],[120.579389,36.735037],[120.580576,36.728307],[120.591881,36.707877],[120.581448,36.698655],[120.585086,36.694328],[120.611862,36.689597],[120.614547,36.681377],[120.626776,36.673187],[120.620465,36.671069],[120.622675,36.659679],[120.637343,36.665916],[120.647434,36.663134],[120.644282,36.655679],[120.655868,36.647799],[120.652718,36.626464],[120.640028,36.626365],[120.638768,36.613286],[120.631279,36.597645],[120.633095,36.574079],[120.659342,36.58331],[120.660681,36.587281],[120.674943,36.58898],[120.698189,36.59809],[120.694325,36.606404],[120.703546,36.612649],[120.703466,36.621115],[120.720891,36.624142],[120.746697,36.614737],[120.752699,36.605788],[120.760678,36.606712],[120.772216,36.600258],[120.774905,36.59127],[120.781389,36.58939],[120.845403,36.612092],[120.842395,36.618427],[120.877358,36.626944],[120.890398,36.622058],[120.90114,36.623345],[120.921265,36.613706],[120.919846,36.596772],[120.924028,36.589663],[120.950901,36.575932],[121.011095,36.5744],[121.023997,36.572836],[121.040208,36.579178],[121.050521,36.592241],[121.072819,36.607136],[121.108805,36.621408],[121.140978,36.639895],[121.156326,36.65083],[121.171837,36.654389],[121.189879,36.652898],[121.215982,36.670902],[121.23432,36.667991],[121.246959,36.671002],[121.269924,36.692282],[121.28057,36.699486],[121.293736,36.701915],[121.313277,36.701681],[121.352667,36.712589],[121.360391,36.710934],[121.369536,36.699258],[121.389177,36.698479],[121.400307,36.703885],[121.405202,36.714145],[121.399119,36.725885],[121.385229,36.728175],[121.388857,36.737386],[121.40741,36.747517],[121.449165,36.75181],[121.455577,36.761915],[121.473163,36.770328],[121.457317,36.784342],[121.445044,36.789481],[121.412145,36.792124],[121.403929,36.789561],[121.390666,36.793727],[121.391612,36.803212],[121.371493,36.82976],[121.36826,36.839966],[121.356594,36.840663],[121.352101,36.85179],[121.352257,36.863428],[121.358719,36.871016],[121.380243,36.876667],[121.359661,36.896762],[121.361394,36.902954],[121.355798,36.920827],[121.342481,36.919931],[121.307898,36.903531],[121.303328,36.904618],[121.299151,36.917773],[121.27763,36.918002],[121.267217,36.927001],[121.258222,36.925567],[121.247642,36.937555],[121.243534,36.953134],[121.228759,36.956362],[121.221407,36.970494],[121.217926,36.986063],[121.204086,36.984768],[121.185333,36.995915],[121.17734,36.993904],[121.172511,37.003076],[121.17623,37.015458],[121.189524,37.018833],[121.189919,37.026617],[121.183509,37.029278],[121.182954,37.04049],[121.187463,37.05143],[121.186354,37.071332],[121.199251,37.078293],[121.238148,37.091494],[121.241385,37.101981],[121.256544,37.117329],[121.282812,37.135364],[121.301491,37.141274],[121.308977,37.140345],[121.312916,37.132089],[121.32182,37.126931],[121.335999,37.126226],[121.343167,37.13518],[121.353016,37.139467],[121.358533,37.128419],[121.34632,37.126167],[121.364604,37.110075],[121.37162,37.115089],[121.377535,37.111295],[121.386214,37.097454],[121.422149,37.099969],[121.436462,37.120237],[121.442396,37.122518],[121.46029,37.120083],[121.494448,37.103754],[121.543031,37.104408],[121.570182,37.109598],[121.57556,37.106255],[121.584414,37.116228],[121.585598,37.128027],[121.580618,37.131809],[121.585992,37.143768],[121.59579,37.140583],[121.6074,37.125357],[121.620658,37.131406],[121.624129,37.13746],[121.634066,37.139002],[121.635091,37.131389],[121.649519,37.121362],[121.661893,37.120264],[121.664337,37.110095],[121.673162,37.12108],[121.678835,37.122424],[121.677416,37.130677],[121.684114,37.132896],[121.678597,37.141315],[121.689158,37.140618],[121.69444,37.125306],[121.729062,37.124941],[121.73277,37.1355],[121.742718,37.135096],[121.76294,37.170279],[121.756063,37.177247],[121.748954,37.171789],[121.744372,37.175733],[121.755747,37.178124],[121.754797,37.191504],[121.764123,37.195649],[121.756691,37.217266],[121.749582,37.211294],[121.750686,37.219773],[121.743577,37.222522],[121.74318,37.240831],[121.752263,37.246919],[121.769967,37.247484],[121.773366,37.259742],[121.779772,37.267666],[121.787523,37.287724],[121.785702,37.29878],[121.789974,37.303001],[121.810397,37.299732],[121.817443,37.303284],[121.82924,37.317622],[121.854655,37.3286],[121.860511,37.336084],[121.865572,37.368244],[121.877755,37.381053],[121.895701,37.390598],[121.903759,37.400333],[121.914102,37.420108],[121.921283,37.441108],[121.92925,37.451859],[121.919307,37.47243],[121.882886,37.469374],[121.834133,37.470731],[121.768125,37.465672],[121.742919,37.46662],[121.660911,37.472729],[121.655392,37.486469],[121.649008,37.492353],[121.628666,37.492502],[121.614151,37.481287],[121.594334,37.469268],[121.581769,37.466642],[121.571252,37.459726],[121.566745,37.440784],[121.560494,37.439703],[121.532299,37.450482],[121.527147,37.461702],[121.509948,37.461057],[121.474117,37.47405],[121.45526,37.492892],[121.451458,37.501692],[121.454624,37.521652],[121.431194,37.540212],[121.407164,37.546618],[121.395791,37.556769],[121.390658,37.588839],[121.380638,37.590273],[121.384502,37.596016],[121.405737,37.590223],[121.421778,37.589756],[121.434352,37.5952],[121.431504,37.599792],[121.405892,37.608452],[121.38087,37.626764],[121.369593,37.627727],[121.356665,37.633213],[121.344058,37.634224],[121.339096,37.626787],[121.353042,37.615471],[121.356354,37.599855],[121.349577,37.59519],[121.299868,37.582083],[121.24623,37.580265],[121.210824,37.58222],[121.177354,37.593341],[121.164612,37.599658],[121.144353,37.618879],[121.144906,37.627991],[121.156535,37.645359],[121.15139,37.6564],[121.137467,37.660258],[121.140865,37.677842],[121.154868,37.698054],[121.154392,37.705889],[121.143313,37.718652],[121.134612,37.722042],[121.091077,37.721662],[121.070255,37.716771],[121.063161,37.72418],[121.059379,37.716115],[121.049928,37.714748],[121.032609,37.717638],[121.014513,37.730191],[121.01105,37.740883],[120.990755,37.758229],[120.970694,37.761609],[120.9481,37.776175],[120.938646,37.784851],[120.93636,37.792682],[120.942899,37.797929],[120.941558,37.812714],[120.930997,37.821702],[120.916882,37.819225],[120.910253,37.823378],[120.895726,37.823024],[120.885612,37.832305],[120.86031,37.832277],[120.828103,37.820881],[120.80697,37.821316],[120.792332,37.826905],[120.773589,37.830321],[120.757626,37.829127],[120.749253,37.836672],[120.738201,37.83225],[120.728416,37.832731],[120.652204,37.792344],[120.629422,37.795699],[120.616879,37.790217],[120.590586,37.766896],[120.575172,37.760202],[120.523299,37.756381],[120.513468,37.749788],[120.477228,37.75411],[120.466843,37.756694],[120.442679,37.753674],[120.432548,37.740408],[120.381099,37.706687],[120.362953,37.697012],[120.336302,37.692268],[120.221989,37.692761],[120.210909,37.685742],[120.215106,37.671178],[120.227689,37.661293],[120.239475,37.656865],[120.26413,37.657655],[120.268395,37.650048],[120.267133,37.635989],[120.2605,37.628031],[120.243432,37.623041],[120.209807,37.62028],[120.204899,37.615876],[120.212343,37.602929],[120.202923,37.587778],[120.24162,37.555786],[120.230787,37.547295],[120.2171,37.532014],[120.194218,37.523772],[120.18923,37.512102],[120.138931,37.480946],[120.103245,37.469524],[120.080726,37.464292],[120.059419,37.448163],[120.007258,37.442101],[119.981036,37.424947],[119.94463,37.419397],[119.932169,37.392725],[119.921908,37.386103],[119.838602,37.376069],[119.834325,37.370458],[119.837337,37.360689],[119.832823,37.342437],[119.842727,37.336691],[119.847719,37.325608],[119.864113,37.320426],[119.869418,37.312519],[119.878124,37.310302],[119.883506,37.301756],[119.883269,37.293125],[119.876941,37.280391],[119.890549,37.274952],[119.886912,37.263372],[119.855645,37.261983],[119.853666,37.253147],[119.880742,37.251749],[119.871801,37.23992],[119.859767,37.233417],[119.824676,37.225115],[119.816675,37.219447],[119.80242,37.195772],[119.785001,37.184358],[119.774952,37.17455],[119.76554,37.159804],[119.748465,37.146811],[119.734721,37.133148],[119.719325,37.142923],[119.681544,37.143382],[119.680755,37.155535],[119.673028,37.157423],[119.623977,37.141645],[119.571035,37.127098]]],[[[121.503596,37.551688],[121.521668,37.561732],[121.515327,37.56433],[121.502089,37.556045],[121.503596,37.551688]]],[[[120.724776,37.946128],[120.717125,37.944716],[120.716575,37.930512],[120.724304,37.930464],[120.720046,37.923089],[120.72675,37.920162],[120.716655,37.916383],[120.722729,37.908641],[120.735983,37.907959],[120.748062,37.894059],[120.755566,37.889756],[120.75991,37.895364],[120.754063,37.910955],[120.760381,37.922087],[120.753034,37.928636],[120.741425,37.950654],[120.732742,37.954367],[120.724776,37.946128]]],[[[120.687484,37.983102],[120.691346,37.973275],[120.701513,37.96604],[120.727535,37.960682],[120.731636,37.970343],[120.725798,37.973345],[120.719723,37.98664],[120.711049,37.986533],[120.69221,37.99437],[120.680628,37.990606],[120.687484,37.983102]]],[[[120.648165,37.979349],[120.639339,37.9641],[120.649113,37.963296],[120.653761,37.974804],[120.648165,37.979349]]],[[[120.447351,37.767881],[120.458122,37.785103],[120.447902,37.787415],[120.430247,37.785607],[120.438719,37.770001],[120.447351,37.767881]]],[[[120.677877,37.927576],[120.682919,37.930565],[120.687882,37.946181],[120.673621,37.94392],[120.674488,37.936422],[120.668659,37.928462],[120.677877,37.927576]]],[[[120.745666,38.149531],[120.755457,38.158618],[120.76644,38.15579],[120.78233,38.157928],[120.772682,38.171804],[120.755297,38.175846],[120.748662,38.194524],[120.742581,38.201994],[120.73753,38.198223],[120.733034,38.173924],[120.733193,38.160945],[120.745666,38.149531]]],[[[120.913986,38.344534],[120.909329,38.354108],[120.916193,38.362419],[120.90917,38.363992],[120.910115,38.372854],[120.895193,38.371326],[120.890455,38.362657],[120.901751,38.349205],[120.913986,38.344534]]],[[[120.836437,38.335008],[120.851948,38.342569],[120.837939,38.355254],[120.836437,38.335008]]],[[[120.89851,38.381169],[120.917294,38.384692],[120.927074,38.381703],[120.927152,38.390643],[120.910902,38.401357],[120.893691,38.385912],[120.89851,38.381169]]],[[[120.621755,37.945147],[120.626171,37.951376],[120.627667,37.978275],[120.609361,37.98389],[120.59728,37.97786],[120.593489,37.970011],[120.600126,37.956088],[120.621755,37.945147]]],[[[120.797266,38.283322],[120.81056,38.288018],[120.818948,38.297258],[120.838182,38.299925],[120.844988,38.309711],[120.830344,38.319419],[120.811585,38.317382],[120.803515,38.311206],[120.792044,38.287556],[120.797266,38.283322]]],[[[120.939015,38.019258],[120.946262,38.023699],[120.943031,38.031745],[120.926481,38.034725],[120.927901,38.02625],[120.939015,38.019258]]],[[[119.815952,37.308452],[119.820467,37.314505],[119.813417,37.315883],[119.815952,37.308452]]],[[[121.383542,36.266096],[121.391512,36.263833],[121.386302,36.271576],[121.383542,36.266096]]],[[[120.640976,38.131385],[120.648857,38.140895],[120.642472,38.148932],[120.636087,38.147525],[120.632933,38.138558],[120.640976,38.131385]]],[[[120.873339,38.026329],[120.867883,38.026913],[120.871917,38.017577],[120.873339,38.026329]]],[[[120.64059,38.05437],[120.64792,38.058337],[120.647209,38.068461],[120.639958,38.069024],[120.636411,38.0606],[120.64059,38.05437]]]]}},{"type":"Feature","properties":{"adcode":370700,"name":"潍坊市","center":[119.10111,36.708735]},"geometry":{"type":"MultiPolygon","coordinates":[[[[118.502208,36.074903],[118.517348,36.084768],[118.523925,36.09388],[118.521151,36.104662],[118.499112,36.105728],[118.504344,36.114551],[118.509894,36.109841],[118.530263,36.118543],[118.536204,36.125022],[118.55141,36.130994],[118.559563,36.130161],[118.558532,36.147162],[118.566761,36.156502],[118.57649,36.151547],[118.600825,36.164315],[118.616689,36.177267],[118.63538,36.171109],[118.638848,36.177079],[118.647676,36.176742],[118.660521,36.169009],[118.669975,36.170202],[118.677855,36.158559],[118.674388,36.152066],[118.695663,36.144475],[118.698184,36.150407],[118.70906,36.154428],[118.720415,36.140967],[118.730827,36.146449],[118.727356,36.151823],[118.727906,36.166721],[118.736191,36.165464],[118.745502,36.183021],[118.739896,36.191659],[118.760742,36.20655],[118.780106,36.197405],[118.796477,36.202792],[118.80344,36.198687],[118.830267,36.203135],[118.841506,36.199282],[118.843247,36.18863],[118.839054,36.184748],[118.841113,36.172117],[118.849105,36.170233],[118.854328,36.16237],[118.852828,36.143308],[118.858444,36.13936],[118.852829,36.130021],[118.854729,36.114795],[118.860504,36.113753],[118.855047,36.101381],[118.870472,36.091624],[118.875454,36.084476],[118.881066,36.088685],[118.902869,36.091401],[118.915338,36.105822],[118.910761,36.111804],[118.930875,36.113525],[118.93781,36.119655],[118.949155,36.111554],[118.953015,36.104193],[118.964509,36.104692],[118.964746,36.098751],[118.983161,36.092315],[118.994882,36.099433],[119.008177,36.098705],[119.014628,36.104182],[119.032727,36.090271],[119.04304,36.092509],[119.061079,36.081399],[119.057691,36.074818],[119.04383,36.066438],[119.036746,36.055337],[119.034542,36.042768],[119.046274,36.037645],[119.042102,36.024632],[119.029822,36.022601],[119.018412,36.026192],[119.011961,36.023945],[119.008422,36.013318],[119.01802,36.011105],[119.019202,36.003456],[119.009919,35.995837],[119.015349,35.977328],[119.046202,35.98012],[119.054708,35.977998],[119.060777,35.963782],[119.072917,35.959069],[119.083012,35.962946],[119.115941,35.962502],[119.12851,35.968383],[119.147416,35.971],[119.149237,35.96558],[119.172821,35.970924],[119.176859,35.962149],[119.173618,35.92603],[119.177655,35.918626],[119.163883,35.917061],[119.14592,35.905325],[119.138879,35.904261],[119.129785,35.892785],[119.152411,35.882326],[119.15605,35.894324],[119.163332,35.894702],[119.184862,35.879347],[119.21137,35.87947],[119.234772,35.884233],[119.276299,35.910149],[119.28876,35.911268],[119.292468,35.892954],[119.310281,35.887457],[119.339752,35.893639],[119.354886,35.883889],[119.365611,35.86029],[119.352446,35.844949],[119.36656,35.829847],[119.368218,35.815979],[119.363019,35.770682],[119.370037,35.770551],[119.384631,35.778528],[119.391892,35.786637],[119.421915,35.801892],[119.438529,35.80386],[119.449929,35.808909],[119.45896,35.808483],[119.476713,35.799647],[119.487655,35.789823],[119.490986,35.779205],[119.480918,35.77159],[119.482426,35.754554],[119.498522,35.752328],[119.519933,35.730679],[119.521837,35.723298],[119.53967,35.726876],[119.555198,35.721916],[119.561136,35.7147],[119.571663,35.712563],[119.583528,35.715903],[119.595939,35.709655],[119.608894,35.716878],[119.619395,35.713014],[119.622551,35.722267],[119.600202,35.747647],[119.586687,35.753406],[119.590953,35.773938],[119.606282,35.776777],[119.612676,35.789795],[119.603673,35.799451],[119.607147,35.812873],[119.617331,35.816273],[119.624039,35.834025],[119.64447,35.845306],[119.658979,35.841106],[119.670648,35.842584],[119.681604,35.861856],[119.698636,35.863973],[119.712916,35.853131],[119.719781,35.85673],[119.716781,35.865123],[119.731464,35.863001],[119.732568,35.873091],[119.722302,35.902512],[119.71583,35.906692],[119.710777,35.927312],[119.695949,35.923731],[119.696341,35.944462],[119.684748,35.96371],[119.679463,35.982662],[119.683718,36.000214],[119.675676,36.012082],[119.701064,36.028257],[119.71187,36.044174],[119.698695,36.055231],[119.690258,36.053022],[119.670309,36.064097],[119.661321,36.063023],[119.628276,36.067764],[119.626853,36.091613],[119.651698,36.100911],[119.652249,36.108667],[119.638367,36.127232],[119.64586,36.130573],[119.644597,36.137199],[119.655477,36.154141],[119.665645,36.177861],[119.675894,36.180424],[119.686301,36.176248],[119.71801,36.175472],[119.727325,36.172434],[119.728352,36.163472],[119.742647,36.158538],[119.766914,36.167586],[119.777357,36.165211],[119.786933,36.171561],[119.80768,36.167636],[119.807917,36.175186],[119.815997,36.171244],[119.817105,36.177946],[119.826452,36.180588],[119.817816,36.198895],[119.823518,36.210648],[119.81417,36.211801],[119.802683,36.232759],[119.815593,36.244438],[119.815116,36.257302],[119.823988,36.25881],[119.828581,36.278775],[119.843552,36.292669],[119.849175,36.302312],[119.857571,36.302365],[119.860183,36.308897],[119.886855,36.318798],[119.891836,36.334069],[119.890806,36.348287],[119.89966,36.369954],[119.899184,36.381547],[119.904716,36.384365],[119.925173,36.385159],[119.931252,36.380643],[119.940324,36.384655],[119.9363,36.395006],[119.921303,36.403314],[119.920117,36.419331],[119.928801,36.420046],[119.930852,36.427406],[119.944655,36.446451],[119.948835,36.44415],[119.963259,36.449949],[119.988938,36.450159],[119.99138,36.44613],[120.006577,36.454007],[120.007521,36.467595],[120.001615,36.468579],[119.998858,36.477231],[120.005471,36.484206],[119.998935,36.489291],[120.005076,36.509005],[119.992319,36.504222],[119.969555,36.515539],[119.966796,36.522296],[119.946225,36.519691],[119.931159,36.511439],[119.931555,36.496328],[119.917898,36.495417],[119.915131,36.522021],[119.912445,36.5258],[119.821423,36.540845],[119.792592,36.5514],[119.779057,36.554436],[119.750426,36.565263],[119.741971,36.571528],[119.722073,36.562508],[119.724597,36.580773],[119.695639,36.602407],[119.676399,36.606697],[119.664888,36.616069],[119.645886,36.623486],[119.619691,36.638685],[119.611638,36.652408],[119.608161,36.6644],[119.601764,36.66725],[119.591251,36.68974],[119.582,36.695949],[119.574405,36.711412],[119.561979,36.712879],[119.555564,36.720682],[119.541543,36.72522],[119.529415,36.743057],[119.524974,36.764953],[119.527192,36.779773],[119.533611,36.787437],[119.53361,36.799645],[119.5451,36.808398],[119.558248,36.8025],[119.562207,36.805469],[119.59234,36.856987],[119.594234,36.877981],[119.594546,36.920311],[119.578255,36.950109],[119.592641,36.989053],[119.599121,36.995681],[119.604333,37.013524],[119.607726,37.033715],[119.600616,37.039982],[119.557904,37.058059],[119.554101,37.071334],[119.570723,37.087072],[119.563203,37.099702],[119.571035,37.127098],[119.513752,37.129721],[119.497417,37.127641],[119.487504,37.132712],[119.487503,37.142913],[119.476005,37.155073],[119.473231,37.152675],[119.484172,37.141668],[119.483936,37.133778],[119.439644,37.130047],[119.41955,37.124642],[119.359711,37.125269],[119.345366,37.122144],[119.336383,37.11662],[119.323697,37.11501],[119.314555,37.119811],[119.302417,37.136053],[119.29351,37.141925],[119.2913,37.158105],[119.285938,37.164128],[119.2857,37.176954],[119.292557,37.196658],[119.290506,37.204347],[119.27639,37.211729],[119.255635,37.207322],[119.238732,37.210745],[119.226955,37.221129],[119.216279,37.224302],[119.201092,37.22245],[119.198245,37.209349],[119.199512,37.193582],[119.186059,37.196904],[119.188351,37.220996],[119.198557,37.245572],[119.196499,37.25301],[119.186052,37.25335],[119.185101,37.25868],[119.20694,37.272562],[119.198395,37.279352],[119.130975,37.230332],[119.122435,37.23486],[119.135559,37.261697],[119.136586,37.278608],[119.151619,37.280382],[119.160562,37.273555],[119.163886,37.277778],[119.151776,37.287343],[119.133025,37.287315],[119.129467,37.281224],[119.128283,37.262445],[119.122196,37.254003],[119.102361,37.259442],[119.085309,37.2567],[119.078447,37.238558],[119.060946,37.240969],[119.048183,37.254125],[119.046133,37.276013],[119.039438,37.298105],[119.034007,37.303647],[118.851356,37.293265],[118.816217,37.28815],[118.772238,37.279417],[118.722658,37.252088],[118.703974,37.240611],[118.67498,37.228682],[118.666709,37.214566],[118.663166,37.197889],[118.654815,37.187352],[118.643704,37.188605],[118.639921,37.177659],[118.628097,37.170704],[118.62865,37.162896],[118.64016,37.159096],[118.643628,37.163752],[118.648043,37.149202],[118.668135,37.143786],[118.661441,37.11343],[118.662784,37.091061],[118.659554,37.081298],[118.649941,37.082232],[118.648524,37.076493],[118.62661,37.070023],[118.626374,37.066354],[118.605386,37.06262],[118.585955,37.068084],[118.574889,37.06293],[118.555741,37.062902],[118.552022,37.051048],[118.554477,37.040998],[118.539828,37.038055],[118.540225,37.023092],[118.565955,37.021704],[118.582878,37.017052],[118.578057,37.008068],[118.584699,37.001007],[118.56564,37.003783],[118.560655,36.998665],[118.574975,36.994652],[118.558598,36.993791],[118.548385,36.99984],[118.546725,36.979276],[118.554247,36.976695],[118.551873,36.965029],[118.555201,36.946223],[118.549105,36.938021],[118.532154,36.936384],[118.521455,36.939271],[118.518917,36.944857],[118.497434,36.943795],[118.497988,36.951066],[118.470798,36.956501],[118.461529,36.944893],[118.488555,36.941331],[118.486575,36.931098],[118.490936,36.924238],[118.483881,36.913588],[118.476034,36.913605],[118.469061,36.904754],[118.477224,36.900259],[118.476988,36.878711],[118.471124,36.876376],[118.459162,36.86083],[118.474138,36.859669],[118.475169,36.852152],[118.454569,36.846061],[118.455597,36.853783],[118.447915,36.857007],[118.444117,36.83692],[118.429556,36.837818],[118.434779,36.827583],[118.432723,36.809133],[118.418566,36.802115],[118.413903,36.795747],[118.38255,36.790669],[118.344305,36.767822],[118.315774,36.770478],[118.312305,36.779294],[118.301664,36.775829],[118.291965,36.777286],[118.292362,36.753538],[118.273744,36.75268],[118.265773,36.743674],[118.270354,36.731413],[118.278561,36.723032],[118.271223,36.719472],[118.258354,36.723406],[118.248479,36.731461],[118.228403,36.726124],[118.221917,36.717624],[118.231804,36.712382],[118.221761,36.697305],[118.232438,36.696994],[118.239238,36.690343],[118.222237,36.693699],[118.210687,36.680777],[118.209976,36.667946],[118.220974,36.668079],[118.224376,36.660063],[118.215357,36.663863],[118.210057,36.648617],[118.193752,36.638724],[118.200719,36.637171],[118.208953,36.620855],[118.194784,36.611766],[118.183621,36.598823],[118.174436,36.593267],[118.171032,36.582664],[118.174754,36.57709],[118.174993,36.560387],[118.178003,36.560835],[118.186003,36.545789],[118.208724,36.539078],[118.215847,36.531655],[118.205006,36.525856],[118.207936,36.512843],[118.204691,36.503233],[118.212527,36.497135],[118.206988,36.489852],[118.210314,36.47836],[118.223844,36.4676],[118.227721,36.456425],[118.221393,36.451191],[118.227011,36.432694],[118.222741,36.430558],[118.21863,36.414059],[118.221636,36.407864],[118.244643,36.411057],[118.24583,36.401842],[118.229626,36.389478],[118.234055,36.3766],[118.250338,36.363036],[118.256974,36.352082],[118.256105,36.345719],[118.264161,36.339714],[118.29438,36.33795],[118.285311,36.32604],[118.298324,36.321227],[118.303293,36.306955],[118.309679,36.304284],[118.304319,36.295548],[118.311809,36.288724],[118.307868,36.277202],[118.30921,36.266193],[118.30117,36.251973],[118.309448,36.249217],[118.344914,36.263304],[118.362496,36.248153],[118.373854,36.244992],[118.38064,36.238775],[118.376146,36.20707],[118.368495,36.202842],[118.381752,36.174293],[118.396357,36.162659],[118.39936,36.141378],[118.396281,36.131362],[118.406946,36.126959],[118.42307,36.13242],[118.435094,36.132274],[118.441267,36.140683],[118.451482,36.132262],[118.456787,36.140391],[118.482145,36.131653],[118.486902,36.126941],[118.473745,36.118663],[118.47874,36.10393],[118.472796,36.098096],[118.476364,36.092408],[118.474701,36.073933],[118.49119,36.067594],[118.502208,36.074903]]]]}},{"type":"Feature","properties":{"adcode":370800,"name":"济宁市","center":[116.581951,35.415837]},"geometry":{"type":"MultiPolygon","coordinates":[[[[116.404081,34.853611],[116.430397,34.883677],[116.439652,34.889307],[116.439414,34.896069],[116.450177,34.901293],[116.475204,34.898116],[116.495093,34.901902],[116.497312,34.906909],[116.517679,34.904797],[116.540808,34.910307],[116.554819,34.910255],[116.60863,34.923732],[116.617227,34.940972],[116.626531,34.941659],[116.63473,34.933497],[116.652537,34.929905],[116.653088,34.934329],[116.670338,34.93401],[116.672621,34.940027],[116.691524,34.93356],[116.700742,34.934774],[116.714927,34.926929],[116.72967,34.925398],[116.759105,34.917239],[116.775694,34.917372],[116.781461,34.94122],[116.792132,34.939553],[116.791421,34.944918],[116.779958,34.948057],[116.776084,34.962632],[116.783593,34.960552],[116.783591,34.975824],[116.796479,34.971256],[116.797747,34.938169],[116.793399,34.929315],[116.806685,34.928803],[116.801306,34.937724],[116.800274,34.969133],[116.810398,34.96608],[116.81665,34.930132],[116.852722,34.929254],[116.87075,34.913467],[116.893661,34.905658],[116.916941,34.895492],[116.916785,34.872415],[116.939876,34.874766],[116.939797,34.877758],[116.961447,34.876524],[116.971361,34.869448],[116.928375,34.862934],[116.92475,34.860683],[116.92349,34.843913],[116.960585,34.845448],[116.973648,34.815924],[116.966175,34.812867],[116.945711,34.8116],[116.946185,34.795598],[116.960354,34.786087],[116.962401,34.774015],[116.971293,34.772269],[116.972945,34.764629],[116.984113,34.766116],[116.990091,34.759243],[117.016198,34.760109],[117.037439,34.737385],[117.055309,34.724821],[117.064604,34.714536],[117.063187,34.709116],[117.071462,34.697313],[117.066183,34.695019],[117.055866,34.676586],[117.056498,34.658623],[117.067133,34.639981],[117.075645,34.639066],[117.089996,34.64839],[117.098045,34.649827],[117.109336,34.629024],[117.117791,34.605585],[117.127591,34.586998],[117.141743,34.571215],[117.145382,34.560231],[117.13471,34.539673],[117.133921,34.52386],[117.14009,34.504963],[117.150768,34.481951],[117.154014,34.45418],[117.160264,34.435762],[117.193726,34.435659],[117.194438,34.442752],[117.21634,34.446906],[117.216576,34.451771],[117.228904,34.455657],[117.242173,34.452243],[117.250146,34.463207],[117.249355,34.473716],[117.236958,34.479689],[117.24659,34.487686],[117.250302,34.477467],[117.257879,34.473798],[117.261744,34.481173],[117.253536,34.49852],[117.268604,34.504693],[117.263949,34.51281],[117.269312,34.520756],[117.262291,34.533938],[117.279562,34.53413],[117.296663,34.542342],[117.297214,34.550081],[117.282792,34.556894],[117.273961,34.553856],[117.2671,34.557814],[117.275852,34.564927],[117.302569,34.572959],[117.297213,34.560002],[117.315488,34.566474],[117.327145,34.562789],[117.319505,34.572022],[117.338091,34.583057],[117.346992,34.585016],[117.358969,34.578659],[117.364878,34.585605],[117.386325,34.575829],[117.387902,34.588585],[117.392952,34.58924],[117.391924,34.605286],[117.401947,34.611536],[117.404867,34.624328],[117.396656,34.629304],[117.378039,34.62911],[117.370707,34.623196],[117.368025,34.637059],[117.360931,34.65113],[117.348245,34.65444],[117.350608,34.662534],[117.340129,34.671883],[117.323353,34.678286],[117.329573,34.693355],[117.318388,34.698224],[117.320278,34.704342],[117.30476,34.718256],[117.298772,34.715801],[117.272999,34.716614],[117.265663,34.727462],[117.247909,34.722415],[117.236301,34.730955],[117.230927,34.747295],[117.218442,34.746463],[117.207135,34.761927],[117.185543,34.781758],[117.174705,34.785022],[117.17067,34.779884],[117.15659,34.782895],[117.166872,34.799985],[117.174466,34.801025],[117.188861,34.817053],[117.171694,34.829491],[117.150731,34.835031],[117.134678,34.847186],[117.133095,34.854729],[117.119896,34.864103],[117.114994,34.904186],[117.104174,34.905738],[117.105121,34.918358],[117.097462,34.93802],[117.076638,34.935492],[117.067812,34.92608],[117.055366,34.931016],[117.052295,34.927581],[117.035295,34.925817],[117.037655,34.933471],[117.032697,34.938522],[117.012011,34.943209],[116.983859,34.939525],[116.974815,34.941845],[116.961596,34.951914],[116.949867,34.967992],[116.937582,34.97649],[116.948999,34.994154],[116.951517,35.011338],[116.946241,35.021416],[116.931747,35.028314],[116.902489,35.047807],[116.895382,35.060567],[116.875793,35.058919],[116.875082,35.063375],[116.894987,35.069524],[116.882823,35.085955],[116.883533,35.094582],[116.857767,35.092222],[116.843213,35.104462],[116.826598,35.124418],[116.820268,35.148229],[116.812436,35.151279],[116.807689,35.160135],[116.81014,35.171331],[116.80571,35.1779],[116.827304,35.184964],[116.848507,35.169237],[116.860764,35.173259],[116.871196,35.188671],[116.893,35.196406],[116.899318,35.183135],[116.908314,35.179458],[116.920302,35.182923],[116.932835,35.172822],[116.956538,35.177923],[116.964169,35.187952],[116.990046,35.198292],[117.008916,35.215261],[117.022992,35.221588],[117.047462,35.224507],[117.059429,35.228198],[117.086937,35.220616],[117.09893,35.221715],[117.117566,35.231029],[117.146734,35.232331],[117.170779,35.243475],[117.193245,35.247842],[117.199018,35.258869],[117.214988,35.265257],[117.263397,35.261685],[117.256372,35.287838],[117.278614,35.294676],[117.28421,35.299728],[117.299893,35.295544],[117.30525,35.286195],[117.308163,35.302424],[117.302647,35.312873],[117.3121,35.320522],[117.341557,35.315329],[117.353531,35.318571],[117.393425,35.306537],[117.39753,35.30156],[117.3999,35.283531],[117.413089,35.274192],[117.433481,35.282574],[117.457063,35.287716],[117.4729,35.314633],[117.447876,35.325216],[117.440912,35.330464],[117.43292,35.349082],[117.433552,35.359802],[117.457845,35.375782],[117.457289,35.390531],[117.468771,35.401111],[117.461404,35.418324],[117.449765,35.425059],[117.447704,35.442484],[117.422393,35.458654],[117.436071,35.469295],[117.446196,35.490356],[117.456644,35.497988],[117.461393,35.512322],[117.466383,35.51445],[117.475731,35.508005],[117.492451,35.503252],[117.4957,35.513108],[117.507904,35.514773],[117.514164,35.520122],[117.510518,35.527515],[117.498313,35.531832],[117.490307,35.543156],[117.493556,35.550975],[117.509168,35.551184],[117.522799,35.5474],[117.576707,35.554461],[117.587771,35.567768],[117.584689,35.573865],[117.587058,35.590007],[117.579866,35.594271],[117.583182,35.620164],[117.591241,35.630733],[117.570292,35.650464],[117.523577,35.683024],[117.5147,35.697739],[117.525079,35.707269],[117.505109,35.712489],[117.485217,35.707923],[117.48268,35.721109],[117.472695,35.732649],[117.446722,35.742208],[117.434063,35.744459],[117.425047,35.760841],[117.4094,35.775032],[117.384854,35.767004],[117.373024,35.775656],[117.358366,35.770118],[117.344262,35.782638],[117.33733,35.784192],[117.334966,35.793484],[117.312441,35.793771],[117.300546,35.79882],[117.291644,35.788492],[117.254426,35.77108],[117.221099,35.773986],[117.212165,35.778479],[117.194295,35.775085],[117.16906,35.780151],[117.157668,35.774937],[117.137423,35.771618],[117.12936,35.767185],[117.122326,35.769774],[117.133548,35.777332],[117.125248,35.786368],[117.097211,35.790126],[117.091291,35.802538],[117.077806,35.804168],[117.064882,35.790273],[117.0437,35.801222],[117.020964,35.799376],[117.003742,35.807659],[116.985736,35.806051],[116.987703,35.794121],[116.968752,35.760587],[116.946873,35.756295],[116.940733,35.744579],[116.946875,35.73771],[116.949396,35.719277],[116.944122,35.715958],[116.925529,35.713874],[116.925057,35.709654],[116.912678,35.706537],[116.904395,35.700246],[116.891685,35.702112],[116.875255,35.696983],[116.873912,35.685734],[116.85652,35.679294],[116.831365,35.697564],[116.817759,35.697092],[116.816255,35.705372],[116.805814,35.706165],[116.80273,35.691503],[116.796563,35.684346],[116.799568,35.67964],[116.773165,35.679323],[116.771742,35.691018],[116.764473,35.703641],[116.757129,35.708388],[116.734085,35.703521],[116.696723,35.710102],[116.693335,35.721109],[116.683174,35.724983],[116.659547,35.71691],[116.643556,35.713649],[116.622198,35.706046],[116.610288,35.705486],[116.606736,35.712632],[116.609257,35.749486],[116.614227,35.756868],[116.631336,35.764357],[116.657258,35.758433],[116.665056,35.761664],[116.681827,35.798181],[116.681117,35.81412],[116.671272,35.822329],[116.64189,35.832802],[116.611692,35.855414],[116.609561,35.865952],[116.619026,35.878263],[116.642121,35.884839],[116.661498,35.898336],[116.666929,35.92129],[116.671498,35.925697],[116.660548,35.940294],[116.622804,35.938731],[116.613183,35.935379],[116.594322,35.916351],[116.590375,35.905252],[116.560654,35.899391],[116.551633,35.890908],[116.544433,35.857667],[116.530972,35.847298],[116.519801,35.847551],[116.515125,35.853131],[116.509817,35.841928],[116.501972,35.843648],[116.481366,35.841358],[116.470195,35.83322],[116.462353,35.836078],[116.454039,35.828153],[116.454119,35.815747],[116.431249,35.807151],[116.422947,35.796272],[116.415438,35.799147],[116.39506,35.79448],[116.379828,35.801628],[116.372178,35.796526],[116.357118,35.795857],[116.349946,35.800452],[116.330955,35.796675],[116.324179,35.787562],[116.303769,35.77405],[116.29628,35.777105],[116.291705,35.795567],[116.298406,35.799411],[116.271827,35.806621],[116.269302,35.80342],[116.244506,35.823579],[116.240238,35.8342],[116.228379,35.851299],[116.225215,35.860984],[116.228375,35.888418],[116.215483,35.892781],[116.212873,35.879813],[116.209154,35.889653],[116.202506,35.886848],[116.184379,35.892489],[116.179706,35.90042],[116.161257,35.904477],[116.155399,35.900294],[116.148512,35.885902],[116.137035,35.895525],[116.120342,35.890888],[116.086756,35.904775],[116.075784,35.914018],[116.080913,35.923085],[116.068762,35.92731],[116.066946,35.939905],[116.053149,35.936041],[116.042904,35.948007],[116.054566,35.95624],[116.059532,35.964569],[116.056062,35.973439],[116.044792,35.9818],[116.042901,35.970189],[116.03282,35.963333],[116.002825,35.973133],[115.979524,35.974174],[115.952116,35.968133],[115.906362,35.960457],[115.900834,35.9456],[115.904469,35.935965],[115.902337,35.927056],[115.869604,35.920354],[115.866835,35.909536],[115.879256,35.909307],[115.883607,35.897767],[115.877755,35.895615],[115.877361,35.880098],[115.870558,35.875269],[115.87048,35.867326],[115.869692,35.835306],[115.871592,35.820875],[115.878081,35.808392],[115.892709,35.805442],[115.906456,35.811972],[115.920511,35.804989],[115.916644,35.799395],[115.939996,35.792189],[115.96474,35.78232],[116.0119,35.7563],[116.021189,35.749699],[116.035759,35.733872],[116.065234,35.718997],[116.07407,35.712369],[116.084016,35.699287],[116.097204,35.687263],[116.116017,35.674518],[116.121712,35.649378],[116.128595,35.638497],[116.110093,35.618367],[116.11041,35.606581],[116.119346,35.593823],[116.119346,35.587848],[116.108516,35.577432],[116.109465,35.566454],[116.117612,35.540594],[116.11975,35.516065],[116.115482,35.497913],[116.122995,35.489659],[116.123787,35.475291],[116.144282,35.46966],[116.155207,35.471673],[116.151171,35.446954],[116.162255,35.452348],[116.173023,35.450495],[116.172151,35.46629],[116.18268,35.477464],[116.182681,35.467939],[116.191074,35.463516],[116.201205,35.465894],[116.196457,35.458436],[116.198834,35.436289],[116.209913,35.436184],[116.21039,35.420097],[116.207068,35.409298],[116.210313,35.3937],[116.218306,35.371992],[116.215618,35.358907],[116.209606,35.351032],[116.196152,35.345468],[116.187841,35.33783],[116.194019,35.305302],[116.210086,35.291664],[116.218001,35.260832],[116.231682,35.26215],[116.260359,35.271946],[116.264148,35.270271],[116.280091,35.243081],[116.278751,35.225492],[116.263604,35.191657],[116.242753,35.196111],[116.22892,35.208721],[116.229,35.200473],[116.222832,35.194833],[116.207564,35.197142],[116.216348,35.182289],[116.218089,35.173714],[116.208993,35.156097],[116.199339,35.146155],[116.176146,35.112523],[116.148594,35.113944],[116.1353,35.091196],[116.148201,35.088925],[116.134512,35.060649],[116.1357,35.055538],[116.113631,35.053838],[116.10881,35.040296],[116.109997,35.026058],[116.134043,34.995961],[116.165155,34.975299],[116.165868,34.96531],[116.156368,34.95825],[116.149482,34.947876],[116.156528,34.944244],[116.186932,34.939877],[116.196037,34.920434],[116.208305,34.913856],[116.221438,34.912561],[116.260792,34.898313],[116.281231,34.882395],[116.293534,34.878526],[116.320255,34.875693],[116.329475,34.868788],[116.329633,34.863089],[116.358241,34.861808],[116.368175,34.866057],[116.404081,34.853611]]]]}},{"type":"Feature","properties":{"adcode":370900,"name":"泰安市","center":[117.122989,36.19473]},"geometry":{"type":"MultiPolygon","coordinates":[[[[117.931868,35.996659],[117.929422,36.004552],[117.920506,36.005208],[117.917189,36.015607],[117.908899,36.020182],[117.889382,36.020504],[117.871351,36.016483],[117.860668,36.007529],[117.848716,36.006984],[117.836047,36.012018],[117.822903,36.00807],[117.819418,36.013403],[117.795274,36.012958],[117.788864,36.015133],[117.776366,36.007271],[117.775101,35.995416],[117.756368,35.990591],[117.750679,35.991885],[117.750599,36.002202],[117.744358,36.011912],[117.751071,36.019354],[117.735749,36.036021],[117.719889,36.029644],[117.714525,36.038225],[117.695286,36.045289],[117.684094,36.052385],[117.650761,36.049819],[117.624821,36.060005],[117.59609,36.075785],[117.570167,36.074637],[117.555845,36.079425],[117.547057,36.088057],[117.541829,36.106229],[117.528996,36.111449],[117.499914,36.098194],[117.485015,36.096492],[117.478834,36.100636],[117.467664,36.089656],[117.445812,36.087222],[117.440905,36.09186],[117.450005,36.100282],[117.448737,36.110987],[117.457445,36.116703],[117.440664,36.120627],[117.453483,36.149611],[117.463063,36.154519],[117.470509,36.149975],[117.481917,36.159092],[117.469556,36.172946],[117.455063,36.170004],[117.440815,36.186688],[117.434249,36.190956],[117.446273,36.202922],[117.441605,36.203316],[117.441207,36.218084],[117.421674,36.221407],[117.406507,36.210667],[117.393323,36.214744],[117.38701,36.222735],[117.386693,36.237176],[117.411005,36.243384],[117.407685,36.267658],[117.388346,36.26625],[117.391579,36.283504],[117.381403,36.285284],[117.381717,36.296085],[117.373514,36.314873],[117.382503,36.325862],[117.381555,36.337626],[117.356565,36.359969],[117.345613,36.377744],[117.344271,36.393123],[117.338836,36.403718],[117.33332,36.425537],[117.333004,36.437928],[117.340799,36.455449],[117.340247,36.463452],[117.329221,36.466087],[117.300787,36.466823],[117.300786,36.471888],[117.282189,36.475855],[117.282978,36.468536],[117.269814,36.451057],[117.257902,36.449052],[117.243775,36.436584],[117.236196,36.415138],[117.212333,36.406022],[117.202766,36.405124],[117.194938,36.389575],[117.185685,36.37857],[117.174926,36.372351],[117.176906,36.360597],[117.173584,36.352939],[117.15531,36.351657],[117.136489,36.345465],[117.130956,36.334865],[117.105596,36.340121],[117.101253,36.33859],[117.082633,36.345723],[117.071285,36.321686],[117.071601,36.306939],[117.068057,36.296465],[117.060967,36.296637],[117.04522,36.288526],[117.04223,36.283495],[117.024373,36.277374],[117.021464,36.268835],[116.99756,36.265278],[116.99701,36.254432],[116.981913,36.250686],[116.969802,36.243219],[116.95123,36.259838],[116.944616,36.257392],[116.927285,36.262015],[116.923185,36.270002],[116.885625,36.255572],[116.867608,36.264143],[116.86223,36.281149],[116.849971,36.289756],[116.850208,36.301686],[116.825053,36.294587],[116.802982,36.298981],[116.781001,36.311282],[116.767094,36.311915],[116.756907,36.305302],[116.727319,36.294067],[116.704778,36.27914],[116.695482,36.280123],[116.68099,36.275432],[116.6702,36.276663],[116.643575,36.295857],[116.626867,36.296404],[116.60423,36.291423],[116.595233,36.27409],[116.582121,36.268966],[116.57588,36.255573],[116.569,36.263549],[116.553416,36.261105],[116.546926,36.247826],[116.53093,36.245609],[116.520075,36.255218],[116.506763,36.253364],[116.50082,36.24028],[116.479581,36.235942],[116.48188,36.228324],[116.466907,36.214486],[116.476257,36.196878],[116.496466,36.1927],[116.504789,36.176822],[116.520481,36.168309],[116.516362,36.157154],[116.504633,36.148317],[116.501623,36.141241],[116.514224,36.141197],[116.523019,36.145301],[116.519771,36.135316],[116.537674,36.139645],[116.553192,36.133904],[116.556753,36.121752],[116.563637,36.118895],[116.561502,36.108872],[116.549236,36.108285],[116.541162,36.101277],[116.537917,36.086681],[116.526828,36.074326],[116.49854,36.064704],[116.465496,36.064448],[116.446335,36.057856],[116.443645,36.047136],[116.428772,36.038421],[116.430354,36.046348],[116.423789,36.052245],[116.427584,36.059647],[116.422048,36.067242],[116.403716,36.067799],[116.395267,36.073823],[116.392265,36.084373],[116.38106,36.090604],[116.354487,36.084577],[116.347002,36.070645],[116.333054,36.059959],[116.319187,36.054083],[116.304765,36.052127],[116.29909,36.046193],[116.295624,36.031074],[116.289079,36.031367],[116.265963,36.043804],[116.262409,36.052944],[116.261696,36.074209],[116.267773,36.093726],[116.266114,36.109808],[116.255849,36.12266],[116.241074,36.149396],[116.220437,36.173688],[116.207383,36.169756],[116.163683,36.171173],[116.158615,36.168702],[116.158539,36.145929],[116.118022,36.13622],[116.108141,36.121835],[116.093446,36.111855],[116.091,36.091976],[116.085868,36.089271],[116.081292,36.071207],[116.070246,36.056705],[116.07364,36.042428],[116.067804,36.025976],[116.057002,36.028744],[116.04676,35.998992],[116.044792,35.9818],[116.056062,35.973439],[116.059532,35.964569],[116.054566,35.95624],[116.042904,35.948007],[116.053149,35.936041],[116.066946,35.939905],[116.068762,35.92731],[116.080913,35.923085],[116.075784,35.914018],[116.086756,35.904775],[116.120342,35.890888],[116.137035,35.895525],[116.148512,35.885902],[116.155399,35.900294],[116.161257,35.904477],[116.179706,35.90042],[116.184379,35.892489],[116.202506,35.886848],[116.209154,35.889653],[116.212873,35.879813],[116.215483,35.892781],[116.228375,35.888418],[116.225215,35.860984],[116.228379,35.851299],[116.240238,35.8342],[116.244506,35.823579],[116.269302,35.80342],[116.271827,35.806621],[116.298406,35.799411],[116.291705,35.795567],[116.29628,35.777105],[116.303769,35.77405],[116.324179,35.787562],[116.330955,35.796675],[116.349946,35.800452],[116.357118,35.795857],[116.372178,35.796526],[116.379828,35.801628],[116.39506,35.79448],[116.415438,35.799147],[116.422947,35.796272],[116.431249,35.807151],[116.454119,35.815747],[116.454039,35.828153],[116.462353,35.836078],[116.470195,35.83322],[116.481366,35.841358],[116.501972,35.843648],[116.509817,35.841928],[116.515125,35.853131],[116.519801,35.847551],[116.530972,35.847298],[116.544433,35.857667],[116.551633,35.890908],[116.560654,35.899391],[116.590375,35.905252],[116.594322,35.916351],[116.613183,35.935379],[116.622804,35.938731],[116.660548,35.940294],[116.671498,35.925697],[116.666929,35.92129],[116.661498,35.898336],[116.642121,35.884839],[116.619026,35.878263],[116.609561,35.865952],[116.611692,35.855414],[116.64189,35.832802],[116.671272,35.822329],[116.681117,35.81412],[116.681827,35.798181],[116.665056,35.761664],[116.657258,35.758433],[116.631336,35.764357],[116.614227,35.756868],[116.609257,35.749486],[116.606736,35.712632],[116.610288,35.705486],[116.622198,35.706046],[116.643556,35.713649],[116.659547,35.71691],[116.683174,35.724983],[116.693335,35.721109],[116.696723,35.710102],[116.734085,35.703521],[116.757129,35.708388],[116.764473,35.703641],[116.771742,35.691018],[116.773165,35.679323],[116.799568,35.67964],[116.796563,35.684346],[116.80273,35.691503],[116.805814,35.706165],[116.816255,35.705372],[116.817759,35.697092],[116.831365,35.697564],[116.85652,35.679294],[116.873912,35.685734],[116.875255,35.696983],[116.891685,35.702112],[116.904395,35.700246],[116.912678,35.706537],[116.925057,35.709654],[116.925529,35.713874],[116.944122,35.715958],[116.949396,35.719277],[116.946875,35.73771],[116.940733,35.744579],[116.946873,35.756295],[116.968752,35.760587],[116.987703,35.794121],[116.985736,35.806051],[117.003742,35.807659],[117.020964,35.799376],[117.0437,35.801222],[117.064882,35.790273],[117.077806,35.804168],[117.091291,35.802538],[117.097211,35.790126],[117.125248,35.786368],[117.133548,35.777332],[117.122326,35.769774],[117.12936,35.767185],[117.137423,35.771618],[117.157668,35.774937],[117.16906,35.780151],[117.194295,35.775085],[117.212165,35.778479],[117.221099,35.773986],[117.254426,35.77108],[117.291644,35.788492],[117.300546,35.79882],[117.312441,35.793771],[117.334966,35.793484],[117.33733,35.784192],[117.344262,35.782638],[117.358366,35.770118],[117.373024,35.775656],[117.384854,35.767004],[117.4094,35.775032],[117.425047,35.760841],[117.434063,35.744459],[117.446722,35.742208],[117.472695,35.732649],[117.48268,35.721109],[117.485217,35.707923],[117.505109,35.712489],[117.525079,35.707269],[117.5147,35.697739],[117.523577,35.683024],[117.570292,35.650464],[117.591241,35.630733],[117.593293,35.649424],[117.599609,35.675097],[117.620126,35.704079],[117.628882,35.709551],[117.658127,35.70987],[117.673335,35.713455],[117.701549,35.72611],[117.726709,35.712438],[117.748261,35.709668],[117.763114,35.726679],[117.775842,35.734156],[117.805674,35.73302],[117.817232,35.739614],[117.831642,35.741589],[117.827919,35.760614],[117.822691,35.773952],[117.825382,35.786776],[117.840347,35.796538],[117.835198,35.812183],[117.822607,35.82189],[117.821577,35.827848],[117.836382,35.845186],[117.849683,35.850357],[117.861158,35.869991],[117.877693,35.882815],[117.900619,35.884812],[117.918941,35.881119],[117.93196,35.874987],[117.954822,35.87069],[117.962384,35.884165],[117.973566,35.889767],[117.975612,35.906249],[117.982461,35.90874],[117.993401,35.925393],[117.99159,35.93459],[117.982693,35.947735],[117.978677,35.956329],[117.986784,35.971282],[117.965683,35.970005],[117.948273,35.958024],[117.941336,35.960505],[117.941335,35.971232],[117.931555,35.981323],[117.931868,35.996659]]]]}},{"type":"Feature","properties":{"adcode":371000,"name":"威海市","center":[122.111326,37.508653]},"geometry":{"type":"MultiPolygon","coordinates":[[[[121.919307,37.47243],[121.92925,37.451859],[121.921283,37.441108],[121.914102,37.420108],[121.903759,37.400333],[121.895701,37.390598],[121.877755,37.381053],[121.865572,37.368244],[121.860511,37.336084],[121.854655,37.3286],[121.82924,37.317622],[121.817443,37.303284],[121.810397,37.299732],[121.789974,37.303001],[121.785702,37.29878],[121.787523,37.287724],[121.779772,37.267666],[121.773366,37.259742],[121.769967,37.247484],[121.752263,37.246919],[121.74318,37.240831],[121.743577,37.222522],[121.750686,37.219773],[121.749582,37.211294],[121.756691,37.217266],[121.764123,37.195649],[121.754797,37.191504],[121.755747,37.178124],[121.744372,37.175733],[121.748954,37.171789],[121.756063,37.177247],[121.76294,37.170279],[121.742718,37.135096],[121.73277,37.1355],[121.729062,37.124941],[121.69444,37.125306],[121.689158,37.140618],[121.678597,37.141315],[121.684114,37.132896],[121.677416,37.130677],[121.678835,37.122424],[121.673162,37.12108],[121.664337,37.110095],[121.661893,37.120264],[121.649519,37.121362],[121.635091,37.131389],[121.634066,37.139002],[121.624129,37.13746],[121.620658,37.131406],[121.6074,37.125357],[121.59579,37.140583],[121.585992,37.143768],[121.580618,37.131809],[121.585598,37.128027],[121.584414,37.116228],[121.57556,37.106255],[121.570182,37.109598],[121.543031,37.104408],[121.494448,37.103754],[121.46029,37.120083],[121.442396,37.122518],[121.436462,37.120237],[121.422149,37.099969],[121.386214,37.097454],[121.377535,37.111295],[121.37162,37.115089],[121.364604,37.110075],[121.34632,37.126167],[121.358533,37.128419],[121.353016,37.139467],[121.343167,37.13518],[121.335999,37.126226],[121.32182,37.126931],[121.312916,37.132089],[121.308977,37.140345],[121.301491,37.141274],[121.282812,37.135364],[121.256544,37.117329],[121.241385,37.101981],[121.238148,37.091494],[121.199251,37.078293],[121.186354,37.071332],[121.187463,37.05143],[121.182954,37.04049],[121.183509,37.029278],[121.189919,37.026617],[121.189524,37.018833],[121.17623,37.015458],[121.172511,37.003076],[121.17734,36.993904],[121.185333,36.995915],[121.204086,36.984768],[121.217926,36.986063],[121.221407,36.970494],[121.228759,36.956362],[121.243534,36.953134],[121.247642,36.937555],[121.258222,36.925567],[121.267217,36.927001],[121.27763,36.918002],[121.299151,36.917773],[121.303328,36.904618],[121.307898,36.903531],[121.342481,36.919931],[121.355798,36.920827],[121.361394,36.902954],[121.359661,36.896762],[121.380243,36.876667],[121.358719,36.871016],[121.352257,36.863428],[121.352101,36.85179],[121.356594,36.840663],[121.36826,36.839966],[121.371493,36.82976],[121.391612,36.803212],[121.390666,36.793727],[121.403929,36.789561],[121.412145,36.792124],[121.445044,36.789481],[121.457317,36.784342],[121.473163,36.770328],[121.475222,36.783987],[121.499396,36.797428],[121.502011,36.803398],[121.518023,36.807848],[121.525314,36.818393],[121.534505,36.823059],[121.56032,36.830196],[121.565227,36.827202],[121.549238,36.816771],[121.54124,36.806229],[121.523334,36.805262],[121.491311,36.791919],[121.476015,36.779906],[121.477204,36.773063],[121.500905,36.770249],[121.50265,36.760524],[121.512797,36.760714],[121.515572,36.749028],[121.527539,36.752946],[121.542593,36.746135],[121.541247,36.741686],[121.527303,36.735882],[121.527145,36.730714],[121.537208,36.734305],[121.560726,36.728584],[121.569587,36.736769],[121.569903,36.745302],[121.55154,36.764016],[121.565786,36.766002],[121.581289,36.756167],[121.59654,36.763181],[121.594962,36.745359],[121.60136,36.737908],[121.616122,36.73702],[121.646722,36.7236],[121.648772,36.727723],[121.629687,36.766604],[121.624244,36.782986],[121.623769,36.797037],[121.637017,36.805466],[121.665944,36.817302],[121.701961,36.821878],[121.71363,36.828783],[121.721361,36.825813],[121.733276,36.834605],[121.752701,36.84128],[121.758864,36.850361],[121.757045,36.865559],[121.762813,36.874358],[121.785588,36.883773],[121.81131,36.891408],[121.824612,36.897629],[121.858101,36.908879],[121.866173,36.915366],[121.892983,36.921343],[121.922913,36.932004],[121.960121,36.937693],[121.972878,36.946688],[121.978309,36.957938],[121.98988,36.95319],[122.009083,36.959403],[122.017585,36.941403],[122.020422,36.908268],[122.03239,36.895206],[122.032865,36.874894],[122.037591,36.871404],[122.041291,36.890546],[122.048459,36.895048],[122.047039,36.904324],[122.068637,36.913678],[122.088207,36.913421],[122.095787,36.921211],[122.094285,36.932159],[122.101472,36.940949],[122.107399,36.938873],[122.122658,36.944756],[122.131755,36.943608],[122.136423,36.937582],[122.122186,36.917826],[122.112463,36.895037],[122.114677,36.8914],[122.151072,36.882412],[122.159383,36.8919],[122.170784,36.893921],[122.183692,36.865638],[122.176568,36.855745],[122.167147,36.851849],[122.169839,36.841894],[122.191295,36.842333],[122.215667,36.84841],[122.241127,36.834948],[122.245867,36.83943],[122.259133,36.841148],[122.273418,36.835699],[122.29337,36.836556],[122.321742,36.829865],[122.330565,36.837089],[122.337893,36.827914],[122.345772,36.834621],[122.373438,36.843619],[122.381559,36.859371],[122.378956,36.864691],[122.387634,36.865525],[122.398368,36.860002],[122.411162,36.858803],[122.44081,36.872391],[122.452129,36.868493],[122.459571,36.878666],[122.449594,36.882883],[122.441678,36.897539],[122.423881,36.908147],[122.429178,36.913548],[122.478181,36.913452],[122.487849,36.911601],[122.480639,36.903187],[122.479847,36.890953],[122.492289,36.885552],[122.511704,36.889768],[122.527469,36.901005],[122.537844,36.913102],[122.54196,36.923063],[122.541243,36.95586],[122.552958,36.968266],[122.552324,36.978448],[122.540607,36.989722],[122.54021,37.004093],[122.551369,37.022757],[122.57881,37.036842],[122.580706,37.042509],[122.571062,37.053949],[122.544084,37.050392],[122.519533,37.039756],[122.493859,37.033656],[122.483081,37.033624],[122.456544,37.038782],[122.454722,37.045082],[122.475234,37.060332],[122.476184,37.071063],[122.473092,37.090794],[122.476338,37.117076],[122.479664,37.128126],[122.4883,37.141301],[122.496778,37.147981],[122.528869,37.152735],[122.555155,37.146859],[122.576507,37.147207],[122.581801,37.152989],[122.582669,37.163148],[122.568757,37.175683],[122.574448,37.182938],[122.592304,37.18072],[122.601696,37.192508],[122.619445,37.190586],[122.624253,37.202886],[122.619364,37.212168],[122.599483,37.220896],[122.595851,37.22838],[122.59585,37.241635],[122.586057,37.247482],[122.587872,37.260694],[122.580131,37.258143],[122.56258,37.260549],[122.572463,37.270788],[122.566769,37.278419],[122.576492,37.286346],[122.569298,37.295726],[122.589604,37.319204],[122.605864,37.330495],[122.606889,37.338803],[122.58897,37.335663],[122.590232,37.34735],[122.606886,37.366268],[122.622265,37.368919],[122.637159,37.385191],[122.650945,37.387593],[122.670396,37.383027],[122.675909,37.37364],[122.689767,37.375561],[122.693075,37.383342],[122.710954,37.395313],[122.70213,37.40331],[122.699451,37.414157],[122.683777,37.42165],[122.680076,37.427932],[122.6648,37.427841],[122.671179,37.41258],[122.661809,37.41371],[122.655036,37.420871],[122.6611,37.423521],[122.651964,37.427746],[122.644876,37.419181],[122.639203,37.42737],[122.622023,37.424017],[122.601909,37.423472],[122.591331,37.420494],[122.575689,37.409523],[122.548955,37.406225],[122.508639,37.409892],[122.490411,37.412816],[122.482485,37.419386],[122.484703,37.431028],[122.476066,37.432751],[122.459749,37.423457],[122.43205,37.419354],[122.411735,37.413657],[122.388363,37.414097],[122.382367,37.418986],[122.33208,37.413502],[122.307497,37.415772],[122.305605,37.422169],[122.28085,37.424548],[122.275408,37.433011],[122.275563,37.441786],[122.281321,37.446425],[122.272012,37.455922],[122.255516,37.459622],[122.247855,37.467005],[122.236082,37.464502],[122.230232,37.468348],[122.228336,37.459654],[122.215761,37.46242],[122.207613,37.454789],[122.189567,37.455316],[122.180939,37.44077],[122.178803,37.430364],[122.162255,37.437122],[122.160748,37.449069],[122.15196,37.458462],[122.143883,37.480953],[122.148948,37.487627],[122.144515,37.492421],[122.126948,37.498348],[122.131297,37.511287],[122.142535,37.510985],[122.14942,37.517224],[122.158128,37.517993],[122.166757,37.533318],[122.166439,37.540178],[122.145697,37.543275],[122.139127,37.549371],[122.145458,37.556121],[122.128523,37.555423],[122.120771,37.566279],[122.114366,37.563181],[122.118083,37.551884],[122.102354,37.54926],[122.083716,37.553071],[122.064465,37.567721],[122.061471,37.561343],[122.069514,37.550785],[122.070147,37.539443],[122.064863,37.53604],[122.048705,37.542454],[122.040198,37.530656],[122.0313,37.528496],[122.012328,37.530018],[122.008316,37.509126],[121.994623,37.505398],[121.992106,37.493147],[121.974317,37.487604],[121.961245,37.488908],[121.919307,37.47243]]],[[[122.178637,37.498633],[122.211327,37.496941],[122.197874,37.501047],[122.194865,37.509412],[122.183307,37.509234],[122.179981,37.514662],[122.166998,37.500832],[122.178637,37.498633]]],[[[122.252905,36.755214],[122.25559,36.748285],[122.2623,36.753769],[122.252905,36.755214]]],[[[121.479586,36.732418],[121.494804,36.736708],[121.487273,36.739771],[121.479586,36.732418]]],[[[121.616125,36.713622],[121.626459,36.725632],[121.618411,36.728485],[121.616125,36.713622]]],[[[122.477332,37.446174],[122.485731,37.448937],[122.478599,37.454077],[122.477332,37.446174]]]]}},{"type":"Feature","properties":{"adcode":371100,"name":"日照市","center":[119.455502,35.428666]},"geometry":{"type":"MultiPolygon","coordinates":[[[[119.656798,35.589501],[119.646153,35.588992],[119.629429,35.598976],[119.609696,35.606594],[119.60401,35.592288],[119.595319,35.590541],[119.587019,35.600945],[119.57231,35.586502],[119.551172,35.59273],[119.532791,35.589475],[119.531441,35.606179],[119.512651,35.615556],[119.512254,35.625878],[119.518992,35.632399],[119.522794,35.674414],[119.513596,35.685597],[119.509312,35.698051],[119.512959,35.7007],[119.515574,35.716948],[119.512243,35.723798],[119.519933,35.730679],[119.498522,35.752328],[119.482426,35.754554],[119.480918,35.77159],[119.490986,35.779205],[119.487655,35.789823],[119.476713,35.799647],[119.45896,35.808483],[119.449929,35.808909],[119.438529,35.80386],[119.421915,35.801892],[119.391892,35.786637],[119.384631,35.778528],[119.370037,35.770551],[119.363019,35.770682],[119.368218,35.815979],[119.36656,35.829847],[119.352446,35.844949],[119.365611,35.86029],[119.354886,35.883889],[119.339752,35.893639],[119.310281,35.887457],[119.292468,35.892954],[119.28876,35.911268],[119.276299,35.910149],[119.234772,35.884233],[119.21137,35.87947],[119.184862,35.879347],[119.163332,35.894702],[119.15605,35.894324],[119.152411,35.882326],[119.129785,35.892785],[119.138879,35.904261],[119.14592,35.905325],[119.163883,35.917061],[119.177655,35.918626],[119.173618,35.92603],[119.176859,35.962149],[119.172821,35.970924],[119.149237,35.96558],[119.147416,35.971],[119.12851,35.968383],[119.115941,35.962502],[119.083012,35.962946],[119.072917,35.959069],[119.060777,35.963782],[119.054708,35.977998],[119.046202,35.98012],[119.015349,35.977328],[119.009919,35.995837],[119.019202,36.003456],[119.01802,36.011105],[119.008422,36.013318],[119.011961,36.023945],[119.018412,36.026192],[119.006847,36.035244],[118.993394,36.038358],[118.976324,36.017418],[118.951371,36.0085],[118.890637,36.00653],[118.874436,35.992437],[118.891904,35.976183],[118.887639,35.963391],[118.878155,35.957434],[118.831719,35.948942],[118.808373,35.948778],[118.798563,35.939734],[118.800147,35.923863],[118.769544,35.917226],[118.771681,35.896773],[118.75959,35.898306],[118.750431,35.877358],[118.748775,35.85353],[118.744197,35.849477],[118.727231,35.848109],[118.716506,35.834945],[118.719031,35.820469],[118.711147,35.807259],[118.695071,35.791427],[118.696648,35.772359],[118.700983,35.765212],[118.697755,35.745294],[118.701538,35.738145],[118.716596,35.731062],[118.737895,35.72938],[118.751632,35.725968],[118.793364,35.730181],[118.798665,35.728727],[118.80096,35.718136],[118.788543,35.697575],[118.785855,35.683035],[118.761039,35.653608],[118.745877,35.640483],[118.734118,35.625047],[118.730255,35.59355],[118.73499,35.581595],[118.729311,35.569889],[118.718506,35.563109],[118.719533,35.553347],[118.691079,35.528822],[118.693366,35.513764],[118.71946,35.496758],[118.728768,35.486249],[118.718358,35.46896],[118.703617,35.457907],[118.692742,35.455686],[118.688093,35.459358],[118.662408,35.457126],[118.656655,35.46186],[118.645623,35.458948],[118.642629,35.453619],[118.623549,35.449695],[118.627257,35.431285],[118.636878,35.42553],[118.630334,35.421425],[118.61369,35.423519],[118.596086,35.41493],[118.600827,35.39118],[118.619611,35.387462],[118.620086,35.370755],[118.626712,35.368873],[118.646893,35.373979],[118.677465,35.368991],[118.69141,35.380132],[118.704099,35.370126],[118.707016,35.363847],[118.718369,35.368762],[118.73391,35.359783],[118.763439,35.368299],[118.770867,35.376535],[118.778614,35.371326],[118.792057,35.369711],[118.811282,35.373614],[118.837716,35.371177],[118.854253,35.382086],[118.860344,35.392078],[118.868806,35.388872],[118.865645,35.367637],[118.884225,35.357711],[118.899473,35.355965],[118.916602,35.348867],[118.917864,35.339654],[118.925122,35.331739],[118.941831,35.337382],[118.956403,35.33458],[118.967582,35.340546],[118.981351,35.35347],[118.983003,35.367282],[118.978909,35.382535],[118.994093,35.389213],[119.018717,35.387061],[119.038867,35.377146],[119.043197,35.371635],[119.059976,35.364672],[119.069749,35.366206],[119.072588,35.357604],[119.079766,35.354336],[119.081423,35.340679],[119.090342,35.326976],[119.099895,35.330766],[119.127948,35.335716],[119.140682,35.335],[119.142424,35.326889],[119.135542,35.320967],[119.137441,35.314201],[119.151922,35.301908],[119.150181,35.294074],[119.158333,35.289764],[119.173846,35.287836],[119.181843,35.258477],[119.176303,35.25259],[119.176463,35.242143],[119.168866,35.230619],[119.164515,35.212609],[119.155572,35.204427],[119.133261,35.202596],[119.129624,35.191933],[119.143467,35.189584],[119.151539,35.182737],[119.159138,35.166862],[119.167448,35.162057],[119.157714,35.154482],[119.158507,35.143534],[119.168559,35.139426],[119.18431,35.138515],[119.191037,35.130354],[119.197607,35.111361],[119.215091,35.107666],[119.23517,35.12342],[119.249943,35.123138],[119.261707,35.117658],[119.281117,35.115641],[119.29618,35.093669],[119.300201,35.077185],[119.344805,35.084299],[119.351742,35.073248],[119.374609,35.070679],[119.368299,35.07907],[119.380761,35.089278],[119.390704,35.092051],[119.397494,35.107133],[119.40713,35.111057],[119.420884,35.10857],[119.426657,35.111723],[119.422544,35.121529],[119.413213,35.128592],[119.391963,35.137991],[119.387779,35.143877],[119.390303,35.158093],[119.411234,35.158459],[119.410838,35.167731],[119.391881,35.167161],[119.405536,35.231836],[119.418812,35.255512],[119.445394,35.285575],[119.470901,35.308555],[119.496903,35.322005],[119.510542,35.318417],[119.514984,35.304157],[119.523071,35.304098],[119.533059,35.297151],[119.533215,35.320845],[119.546764,35.324873],[119.547397,35.330419],[119.534403,35.330185],[119.538364,35.348336],[119.573836,35.35806],[119.581667,35.364302],[119.583721,35.376529],[119.573517,35.385974],[119.574385,35.406916],[119.587274,35.433767],[119.59494,35.443908],[119.607737,35.450177],[119.613738,35.459822],[119.623442,35.501169],[119.633936,35.509742],[119.644581,35.537919],[119.660427,35.570467],[119.656798,35.589501]]]]}},{"type":"Feature","properties":{"adcode":371300,"name":"临沂市","center":[118.320759,35.065783]},"geometry":{"type":"MultiPolygon","coordinates":[[[[119.197607,35.111361],[119.191037,35.130354],[119.18431,35.138515],[119.168559,35.139426],[119.158507,35.143534],[119.157714,35.154482],[119.167448,35.162057],[119.159138,35.166862],[119.151539,35.182737],[119.143467,35.189584],[119.129624,35.191933],[119.133261,35.202596],[119.155572,35.204427],[119.164515,35.212609],[119.168866,35.230619],[119.176463,35.242143],[119.176303,35.25259],[119.181843,35.258477],[119.173846,35.287836],[119.158333,35.289764],[119.150181,35.294074],[119.151922,35.301908],[119.137441,35.314201],[119.135542,35.320967],[119.142424,35.326889],[119.140682,35.335],[119.127948,35.335716],[119.099895,35.330766],[119.090342,35.326976],[119.081423,35.340679],[119.079766,35.354336],[119.072588,35.357604],[119.069749,35.366206],[119.059976,35.364672],[119.043197,35.371635],[119.038867,35.377146],[119.018717,35.387061],[118.994093,35.389213],[118.978909,35.382535],[118.983003,35.367282],[118.981351,35.35347],[118.967582,35.340546],[118.956403,35.33458],[118.941831,35.337382],[118.925122,35.331739],[118.917864,35.339654],[118.916602,35.348867],[118.899473,35.355965],[118.884225,35.357711],[118.865645,35.367637],[118.868806,35.388872],[118.860344,35.392078],[118.854253,35.382086],[118.837716,35.371177],[118.811282,35.373614],[118.792057,35.369711],[118.778614,35.371326],[118.770867,35.376535],[118.763439,35.368299],[118.73391,35.359783],[118.718369,35.368762],[118.707016,35.363847],[118.704099,35.370126],[118.69141,35.380132],[118.677465,35.368991],[118.646893,35.373979],[118.626712,35.368873],[118.620086,35.370755],[118.619611,35.387462],[118.600827,35.39118],[118.596086,35.41493],[118.61369,35.423519],[118.630334,35.421425],[118.636878,35.42553],[118.627257,35.431285],[118.623549,35.449695],[118.642629,35.453619],[118.645623,35.458948],[118.656655,35.46186],[118.662408,35.457126],[118.688093,35.459358],[118.692742,35.455686],[118.703617,35.457907],[118.718358,35.46896],[118.728768,35.486249],[118.71946,35.496758],[118.693366,35.513764],[118.691079,35.528822],[118.719533,35.553347],[118.718506,35.563109],[118.729311,35.569889],[118.73499,35.581595],[118.730255,35.59355],[118.734118,35.625047],[118.745877,35.640483],[118.761039,35.653608],[118.785855,35.683035],[118.788543,35.697575],[118.80096,35.718136],[118.798665,35.728727],[118.793364,35.730181],[118.751632,35.725968],[118.737895,35.72938],[118.716596,35.731062],[118.701538,35.738145],[118.697755,35.745294],[118.700983,35.765212],[118.696648,35.772359],[118.695071,35.791427],[118.711147,35.807259],[118.719031,35.820469],[118.716506,35.834945],[118.727231,35.848109],[118.744197,35.849477],[118.748775,35.85353],[118.750431,35.877358],[118.75959,35.898306],[118.771681,35.896773],[118.769544,35.917226],[118.800147,35.923863],[118.798563,35.939734],[118.808373,35.948778],[118.831719,35.948942],[118.878155,35.957434],[118.887639,35.963391],[118.891904,35.976183],[118.874436,35.992437],[118.890637,36.00653],[118.951371,36.0085],[118.976324,36.017418],[118.993394,36.038358],[119.006847,36.035244],[119.018412,36.026192],[119.029822,36.022601],[119.042102,36.024632],[119.046274,36.037645],[119.034542,36.042768],[119.036746,36.055337],[119.04383,36.066438],[119.057691,36.074818],[119.061079,36.081399],[119.04304,36.092509],[119.032727,36.090271],[119.014628,36.104182],[119.008177,36.098705],[118.994882,36.099433],[118.983161,36.092315],[118.964746,36.098751],[118.964509,36.104692],[118.953015,36.104193],[118.949155,36.111554],[118.93781,36.119655],[118.930875,36.113525],[118.910761,36.111804],[118.915338,36.105822],[118.902869,36.091401],[118.881066,36.088685],[118.875454,36.084476],[118.870472,36.091624],[118.855047,36.101381],[118.860504,36.113753],[118.854729,36.114795],[118.852829,36.130021],[118.858444,36.13936],[118.852828,36.143308],[118.854328,36.16237],[118.849105,36.170233],[118.841113,36.172117],[118.839054,36.184748],[118.843247,36.18863],[118.841506,36.199282],[118.830267,36.203135],[118.80344,36.198687],[118.796477,36.202792],[118.780106,36.197405],[118.760742,36.20655],[118.739896,36.191659],[118.745502,36.183021],[118.736191,36.165464],[118.727906,36.166721],[118.727356,36.151823],[118.730827,36.146449],[118.720415,36.140967],[118.70906,36.154428],[118.698184,36.150407],[118.695663,36.144475],[118.674388,36.152066],[118.677855,36.158559],[118.669975,36.170202],[118.660521,36.169009],[118.647676,36.176742],[118.638848,36.177079],[118.63538,36.171109],[118.616689,36.177267],[118.600825,36.164315],[118.57649,36.151547],[118.566761,36.156502],[118.558532,36.147162],[118.559563,36.130161],[118.55141,36.130994],[118.536204,36.125022],[118.530263,36.118543],[118.509894,36.109841],[118.504344,36.114551],[118.499112,36.105728],[118.521151,36.104662],[118.523925,36.09388],[118.517348,36.084768],[118.502208,36.074903],[118.511009,36.068543],[118.507838,36.064046],[118.516638,36.053479],[118.517035,36.043615],[118.511251,36.026087],[118.501816,36.02974],[118.497695,36.024186],[118.483505,36.025682],[118.470347,36.031267],[118.464089,36.022838],[118.470825,36.012662],[118.481367,36.005693],[118.486995,35.995352],[118.480814,35.988657],[118.493737,35.976151],[118.499524,35.965767],[118.496513,35.962439],[118.465204,35.960731],[118.453561,35.952527],[118.42475,35.969482],[118.409331,35.990556],[118.381141,35.987368],[118.376408,35.974867],[118.354879,35.970728],[118.346997,35.956535],[118.338958,35.95574],[118.314369,35.946475],[118.308377,35.950737],[118.297813,35.948851],[118.287799,35.937449],[118.27565,35.935924],[118.263574,35.928483],[118.251886,35.925692],[118.251412,35.930673],[118.240191,35.932129],[118.231179,35.939211],[118.230624,35.947712],[118.219946,35.948189],[118.20412,35.955698],[118.201269,35.964316],[118.187967,35.973926],[118.200317,35.97856],[118.191765,36.004847],[118.17252,36.016867],[118.12961,36.023429],[118.126682,36.03022],[118.103354,36.0298],[118.090083,36.024017],[118.087241,36.014392],[118.078321,36.01193],[118.072402,36.017438],[118.069878,36.008825],[118.060809,36.008959],[118.053006,35.99279],[118.036303,35.986232],[118.026775,35.974157],[118.027012,35.964889],[118.017092,35.958886],[118.015203,35.948933],[117.982693,35.947735],[117.99159,35.93459],[117.993401,35.925393],[117.982461,35.90874],[117.975612,35.906249],[117.973566,35.889767],[117.962384,35.884165],[117.954822,35.87069],[117.93196,35.874987],[117.918941,35.881119],[117.900619,35.884812],[117.877693,35.882815],[117.861158,35.869991],[117.849683,35.850357],[117.836382,35.845186],[117.821577,35.827848],[117.822607,35.82189],[117.835198,35.812183],[117.840347,35.796538],[117.825382,35.786776],[117.822691,35.773952],[117.827919,35.760614],[117.831642,35.741589],[117.817232,35.739614],[117.805674,35.73302],[117.775842,35.734156],[117.763114,35.726679],[117.748261,35.709668],[117.726709,35.712438],[117.701549,35.72611],[117.673335,35.713455],[117.658127,35.70987],[117.628882,35.709551],[117.620126,35.704079],[117.599609,35.675097],[117.593293,35.649424],[117.591241,35.630733],[117.583182,35.620164],[117.579866,35.594271],[117.587058,35.590007],[117.584689,35.573865],[117.587771,35.567768],[117.576707,35.554461],[117.522799,35.5474],[117.509168,35.551184],[117.493556,35.550975],[117.490307,35.543156],[117.498313,35.531832],[117.510518,35.527515],[117.514164,35.520122],[117.507904,35.514773],[117.4957,35.513108],[117.492451,35.503252],[117.475731,35.508005],[117.466383,35.51445],[117.461393,35.512322],[117.456644,35.497988],[117.446196,35.490356],[117.436071,35.469295],[117.422393,35.458654],[117.447704,35.442484],[117.449765,35.425059],[117.461404,35.418324],[117.468771,35.401111],[117.457289,35.390531],[117.457845,35.375782],[117.433552,35.359802],[117.43292,35.349082],[117.440912,35.330464],[117.447876,35.325216],[117.4729,35.314633],[117.457063,35.287716],[117.433481,35.282574],[117.413089,35.274192],[117.420359,35.261998],[117.433405,35.259156],[117.44369,35.247052],[117.442268,35.232112],[117.462058,35.228684],[117.474652,35.223124],[117.488918,35.206304],[117.501282,35.199441],[117.521014,35.201132],[117.522204,35.184883],[117.542724,35.162349],[117.550325,35.161916],[117.564648,35.169007],[117.578092,35.164979],[117.580544,35.153666],[117.585365,35.153219],[117.594691,35.136226],[117.598718,35.134713],[117.617349,35.113781],[117.64503,35.093429],[117.651181,35.078209],[117.670725,35.066232],[117.687432,35.060843],[117.701542,35.052966],[117.698628,35.031903],[117.730412,35.032151],[117.738781,35.023389],[117.732151,35.013859],[117.722209,35.008711],[117.720713,34.980265],[117.713694,34.969055],[117.718506,34.959059],[117.708886,34.948587],[117.706206,34.935771],[117.69848,34.93439],[117.692728,34.920799],[117.698877,34.907514],[117.709365,34.897048],[117.723485,34.877808],[117.736586,34.874971],[117.74709,34.858445],[117.75736,34.849671],[117.789545,34.83678],[117.797934,34.831624],[117.792871,34.811557],[117.771594,34.802138],[117.778237,34.795743],[117.778793,34.781585],[117.793826,34.769823],[117.824937,34.761257],[117.824385,34.741917],[117.817973,34.729709],[117.819558,34.714186],[117.826051,34.708857],[117.819957,34.685467],[117.813545,34.682908],[117.80009,34.647329],[117.814419,34.647272],[117.826136,34.65457],[117.828829,34.64845],[117.841893,34.653531],[117.843793,34.648354],[117.857885,34.646363],[117.872365,34.651399],[117.87545,34.646385],[117.897588,34.645783],[117.904223,34.671353],[117.934138,34.666026],[117.946121,34.679611],[117.957705,34.679669],[117.986056,34.671125],[117.985192,34.662785],[118.001723,34.657144],[118.002118,34.64855],[118.01251,34.648026],[118.014949,34.661379],[118.048108,34.651838],[118.051575,34.655901],[118.07192,34.654552],[118.078154,34.656766],[118.096789,34.648576],[118.088734,34.637435],[118.094659,34.627441],[118.107145,34.622302],[118.108884,34.615269],[118.096953,34.594328],[118.076504,34.580802],[118.073112,34.570681],[118.094586,34.565646],[118.120594,34.556148],[118.131352,34.564186],[118.134914,34.55497],[118.147895,34.550132],[118.157792,34.552455],[118.179015,34.545208],[118.161834,34.520716],[118.159222,34.505925],[118.136028,34.498143],[118.127009,34.484412],[118.134131,34.476345],[118.172056,34.454318],[118.173167,34.426286],[118.171427,34.409828],[118.164699,34.382465],[118.173647,34.380543],[118.177684,34.391483],[118.183941,34.381799],[118.198747,34.378525],[118.212121,34.380318],[118.214651,34.407136],[118.22541,34.399888],[118.236874,34.406908],[118.271865,34.40587],[118.274311,34.413374],[118.283621,34.413447],[118.285119,34.425734],[118.315318,34.42247],[118.346531,34.423895],[118.347556,34.418533],[118.374288,34.416555],[118.389439,34.428089],[118.39923,34.428745],[118.399624,34.438022],[118.405627,34.44738],[118.410523,34.474832],[118.415658,34.484188],[118.425226,34.490046],[118.433846,34.508965],[118.435268,34.525729],[118.422608,34.564168],[118.418098,34.591983],[118.433517,34.627169],[118.447211,34.618596],[118.45798,34.626186],[118.4682,34.62436],[118.469308,34.63814],[118.46083,34.644039],[118.455204,34.658457],[118.462807,34.675204],[118.478656,34.671834],[118.495301,34.676157],[118.502672,34.688056],[118.517257,34.693317],[118.519791,34.713579],[118.533975,34.712549],[118.540709,34.707267],[118.553616,34.70795],[118.56517,34.713639],[118.596078,34.715306],[118.599634,34.69764],[118.628437,34.68817],[118.645228,34.6962],[118.659019,34.694532],[118.67596,34.679419],[118.684863,34.679649],[118.698652,34.689774],[118.714654,34.695216],[118.7339,34.694746],[118.753239,34.704396],[118.77797,34.723019],[118.763031,34.739024],[118.753709,34.741772],[118.734606,34.737835],[118.724901,34.746384],[118.713781,34.746478],[118.71102,34.764751],[118.721744,34.769664],[118.733024,34.767767],[118.73468,34.782132],[118.722924,34.787764],[118.732075,34.792968],[118.751019,34.790417],[118.768082,34.796209],[118.773534,34.810492],[118.771162,34.819638],[118.776457,34.828339],[118.762783,34.839649],[118.763494,34.846948],[118.797016,34.846492],[118.799782,34.873884],[118.824309,34.91196],[118.855406,34.944829],[118.8539,34.96346],[118.859751,34.99401],[118.857138,35.026458],[118.859985,35.030595],[118.880464,35.035038],[118.898478,35.042125],[118.90582,35.048547],[118.923179,35.051646],[118.939813,35.041561],[118.960212,35.047164],[118.986655,35.04881],[118.994364,35.053654],[119.021585,35.055823],[119.031738,35.051827],[119.055676,35.052019],[119.06789,35.057071],[119.10885,35.055376],[119.114618,35.058406],[119.114696,35.07047],[119.123706,35.07657],[119.132324,35.096656],[119.153288,35.101389],[119.165713,35.107583],[119.197607,35.111361]]]]}},{"type":"Feature","properties":{"adcode":371400,"name":"德州市","center":[116.301642,37.453198]},"geometry":{"type":"MultiPolygon","coordinates":[[[[117.267323,37.531851],[117.27158,37.544618],[117.274574,37.565431],[117.28285,37.576323],[117.302154,37.589138],[117.30869,37.599628],[117.311603,37.614244],[117.306402,37.632872],[117.29876,37.639698],[117.306322,37.641111],[117.312227,37.661179],[117.323173,37.672483],[117.341207,37.682424],[117.338291,37.692247],[117.346245,37.706442],[117.359401,37.697435],[117.357276,37.678636],[117.351841,37.672033],[117.351291,37.657582],[117.357516,37.648701],[117.366736,37.647658],[117.386604,37.659082],[117.400805,37.677884],[117.409019,37.668621],[117.422451,37.664788],[117.43787,37.670984],[117.445625,37.669057],[117.459323,37.654672],[117.470808,37.653553],[117.482374,37.676194],[117.497273,37.679761],[117.500285,37.686025],[117.525171,37.688195],[117.537053,37.70295],[117.533724,37.71331],[117.550197,37.716038],[117.536575,37.725583],[117.541167,37.736831],[117.538078,37.747029],[117.525481,37.747511],[117.516049,37.754643],[117.520407,37.762249],[117.541322,37.766852],[117.54053,37.775707],[117.553908,37.799378],[117.562613,37.804372],[117.560239,37.812115],[117.582066,37.822139],[117.589335,37.834156],[117.59905,37.838385],[117.600629,37.844627],[117.589728,37.852922],[117.575105,37.858402],[117.574628,37.874713],[117.562841,37.881807],[117.54115,37.882553],[117.536714,37.889492],[117.533226,37.912894],[117.522923,37.931613],[117.561805,37.94618],[117.564652,37.956679],[117.557526,37.997997],[117.543273,38.009638],[117.534957,38.010603],[117.51824,37.988795],[117.514756,37.96603],[117.506674,37.942732],[117.486464,37.926691],[117.474896,37.914028],[117.460482,37.889872],[117.432153,37.852932],[117.417213,37.84632],[117.399917,37.842563],[117.37554,37.8536],[117.358358,37.853228],[117.337955,37.861795],[117.313936,37.860576],[117.296765,37.85156],[117.278325,37.845975],[117.265236,37.839151],[117.253638,37.837496],[117.202678,37.84295],[117.179185,37.848953],[117.157429,37.838918],[117.143905,37.838697],[117.087505,37.848577],[117.068112,37.847805],[117.03442,37.83847],[117.021128,37.831552],[117.002886,37.833107],[116.970805,37.840392],[116.944599,37.83911],[116.91363,37.845349],[116.873916,37.843165],[116.838016,37.833825],[116.822271,37.839959],[116.806924,37.842894],[116.805975,37.847239],[116.788735,37.846264],[116.782332,37.842701],[116.780358,37.82559],[116.761004,37.810598],[116.753109,37.80111],[116.740167,37.795024],[116.747821,37.792255],[116.747982,37.769758],[116.738357,37.756592],[116.733308,37.756159],[116.717381,37.765982],[116.713047,37.761597],[116.718723,37.743554],[116.70383,37.734476],[116.693039,37.738054],[116.69359,37.729943],[116.674059,37.728119],[116.669571,37.720176],[116.658392,37.687151],[116.648074,37.676916],[116.640827,37.675621],[116.635467,37.681726],[116.630897,37.675279],[116.635312,37.66585],[116.625224,37.652122],[116.598958,37.624531],[116.574786,37.612673],[116.550977,37.596232],[116.557941,37.595888],[116.540211,37.581862],[116.532847,37.567772],[116.513911,37.559196],[116.501391,37.541078],[116.493941,37.53709],[116.476824,37.520978],[116.456307,37.516563],[116.440792,37.499672],[116.432726,37.476327],[116.428217,37.472433],[116.408139,37.490077],[116.396211,37.508923],[116.382715,37.515397],[116.376798,37.522701],[116.362998,37.525495],[116.361972,37.532912],[116.37096,37.54567],[116.369538,37.559429],[116.361732,37.565387],[116.337616,37.565151],[116.339035,37.569629],[116.33005,37.580387],[116.313582,37.57923],[116.328948,37.573928],[116.298688,37.563716],[116.293878,37.568798],[116.293564,37.55857],[116.282131,37.548553],[116.285602,37.544822],[116.280319,37.53186],[116.285605,37.52305],[116.272668,37.524015],[116.277797,37.516831],[116.274563,37.51013],[116.291757,37.508047],[116.278587,37.499971],[116.287185,37.496627],[116.280324,37.490367],[116.285136,37.484012],[116.265728,37.478196],[116.270702,37.466167],[116.250726,37.478082],[116.252542,37.481931],[116.235554,37.490698],[116.229309,37.478988],[116.219029,37.479216],[116.224172,37.45894],[116.23785,37.455178],[116.237376,37.447477],[116.221565,37.43353],[116.225757,37.423805],[116.24141,37.421352],[116.244333,37.425204],[116.26526,37.425995],[116.257287,37.421709],[116.269286,37.417533],[116.264709,37.413087],[116.277178,37.400606],[116.267315,37.397714],[116.264712,37.38842],[116.25587,37.389099],[116.245919,37.375869],[116.22869,37.360522],[116.189681,37.364922],[116.179387,37.369155],[116.162914,37.383309],[116.120652,37.372599],[116.110452,37.373426],[116.100573,37.36794],[116.081541,37.372436],[116.066472,37.367247],[116.050232,37.368229],[116.045979,37.356673],[116.025344,37.355653],[116.018573,37.359208],[116.007791,37.348867],[115.994568,37.350139],[116.00362,37.34248],[115.981187,37.341117],[115.970008,37.336695],[115.978748,37.32546],[115.967253,37.323464],[115.969932,37.316936],[115.978593,37.318661],[115.97576,37.30678],[115.965051,37.294997],[115.963005,37.285774],[115.970488,37.275611],[115.969464,37.268413],[115.961275,37.265211],[115.967182,37.256561],[115.958283,37.24958],[115.965372,37.245105],[115.963719,37.238941],[115.94757,37.223215],[115.935744,37.227257],[115.921151,37.219074],[115.915309,37.223099],[115.914521,37.213744],[115.904176,37.206381],[115.899201,37.18898],[115.906865,37.178346],[115.886636,37.157228],[115.874299,37.1516],[115.873746,37.138251],[115.879759,37.128374],[115.873829,37.105209],[115.862595,37.083664],[115.859351,37.070459],[115.849455,37.070722],[115.850565,37.060353],[115.826178,37.044871],[115.820003,37.031971],[115.806543,37.028516],[115.807414,37.0187],[115.802269,37.009831],[115.785016,37.005535],[115.770385,36.990431],[115.780509,36.982654],[115.778612,36.970193],[115.78589,36.974834],[115.791035,36.968331],[115.782332,36.952185],[115.766912,36.936432],[115.756794,36.938904],[115.756084,36.924001],[115.762802,36.920606],[115.774427,36.911822],[115.773953,36.904588],[115.785501,36.913952],[115.807267,36.913065],[115.812969,36.90824],[115.817482,36.913164],[115.826035,36.910541],[115.827221,36.918257],[115.843297,36.912372],[115.848285,36.915937],[115.852878,36.908073],[115.848049,36.904507],[115.862773,36.901213],[115.87021,36.91601],[115.876064,36.917335],[115.879625,36.906788],[115.889193,36.905436],[115.914872,36.892763],[115.942088,36.888334],[115.999893,36.883986],[116.044219,36.893978],[116.055961,36.888037],[116.069996,36.888934],[116.076467,36.88329],[116.092255,36.88332],[116.091386,36.890756],[116.109003,36.897114],[116.117781,36.890083],[116.140485,36.910215],[116.158533,36.91644],[116.167401,36.929164],[116.167002,36.947181],[116.177849,36.959065],[116.185687,36.962794],[116.205794,36.962627],[116.204843,36.969655],[116.213467,36.979131],[116.206346,36.981956],[116.205949,36.989581],[116.223512,36.995951],[116.230073,37.009648],[116.21655,37.009835],[116.21987,37.024885],[116.227145,37.031716],[116.244693,37.02498],[116.241928,37.019193],[116.24904,37.007779],[116.262149,37.010011],[116.285032,36.995262],[116.299619,36.994481],[116.299225,36.989731],[116.311285,36.981326],[116.318299,36.97149],[116.334374,36.971379],[116.335555,36.979683],[116.360617,36.971253],[116.364402,36.962662],[116.37347,36.965685],[116.399984,36.968464],[116.41523,36.975017],[116.428512,36.967601],[116.436819,36.953713],[116.452253,36.954779],[116.465321,36.9465],[116.464768,36.939468],[116.455738,36.940126],[116.437297,36.931621],[116.43888,36.923113],[116.434054,36.915912],[116.44347,36.914929],[116.446638,36.905862],[116.442127,36.899418],[116.428123,36.907832],[116.415712,36.904664],[116.412078,36.89371],[116.416266,36.889954],[116.410025,36.880795],[116.41366,36.876639],[116.428284,36.875891],[116.423779,36.86465],[116.406867,36.860521],[116.409475,36.855362],[116.40134,36.846162],[116.40371,36.837041],[116.394,36.823319],[116.402133,36.815195],[116.403319,36.806511],[116.391791,36.808914],[116.38611,36.802394],[116.370176,36.796526],[116.390373,36.791945],[116.39977,36.760712],[116.39243,36.741009],[116.388642,36.741211],[116.380201,36.724832],[116.390539,36.717853],[116.401277,36.704345],[116.401199,36.688593],[116.405387,36.676206],[116.407365,36.642761],[116.40018,36.631569],[116.405473,36.614838],[116.402317,36.580964],[116.394581,36.565989],[116.393401,36.533377],[116.395059,36.524458],[116.407221,36.51839],[116.424451,36.503372],[116.437345,36.497922],[116.440274,36.488602],[116.453493,36.479783],[116.449933,36.461643],[116.455792,36.449712],[116.475992,36.448153],[116.483678,36.454288],[116.50167,36.447866],[116.507217,36.441126],[116.506268,36.429901],[116.521563,36.424273],[116.534158,36.427565],[116.530358,36.418382],[116.544058,36.417329],[116.540734,36.408911],[116.585819,36.416341],[116.606979,36.423384],[116.614394,36.428569],[116.615497,36.441481],[116.606028,36.459143],[116.607605,36.473457],[116.590237,36.480413],[116.587867,36.485999],[116.596631,36.495247],[116.618883,36.497247],[116.621799,36.508858],[116.604681,36.516103],[116.602944,36.520122],[116.617381,36.532649],[116.624161,36.544572],[116.641264,36.544068],[116.653474,36.552964],[116.657411,36.563036],[116.655756,36.578296],[116.676862,36.580465],[116.688753,36.591],[116.687728,36.607739],[116.707501,36.608668],[116.736354,36.620155],[116.753792,36.63251],[116.757422,36.651724],[116.771559,36.660473],[116.775034,36.671303],[116.774953,36.690787],[116.794004,36.694176],[116.797086,36.706485],[116.825244,36.723645],[116.836872,36.727673],[116.856172,36.73019],[116.868426,36.739702],[116.881228,36.745404],[116.878303,36.758097],[116.865183,36.759003],[116.859963,36.777696],[116.862648,36.801678],[116.867233,36.811809],[116.882406,36.811226],[116.876874,36.823866],[116.881534,36.833232],[116.886907,36.829835],[116.913822,36.822594],[116.927619,36.823503],[116.930297,36.829541],[116.929114,36.844905],[116.938568,36.844691],[116.942427,36.839004],[116.957148,36.842414],[116.956123,36.867254],[116.957457,36.893599],[116.951788,36.916194],[116.92879,36.925704],[116.916965,36.934266],[116.929813,36.934294],[116.926266,36.945923],[116.927761,36.959303],[116.90213,36.962993],[116.892184,36.962431],[116.893603,36.977208],[116.88057,36.98327],[116.880175,36.991135],[116.869426,36.998948],[116.886019,37.002397],[116.902203,37.018727],[116.937523,37.030551],[116.943036,37.036168],[116.938625,37.041961],[116.923022,37.050678],[116.91963,37.069469],[116.91411,37.080998],[116.913398,37.092683],[116.925855,37.100089],[116.976785,37.113099],[116.998644,37.120648],[117.018301,37.119035],[117.038831,37.121929],[117.041347,37.134039],[117.053705,37.136522],[117.048587,37.140996],[117.04457,37.16017],[117.05567,37.16421],[117.0574,37.181892],[117.051337,37.191383],[117.039294,37.196427],[117.031348,37.194456],[117.03174,37.20664],[117.016324,37.214407],[117.029929,37.223365],[117.030557,37.236658],[117.036614,37.238116],[117.035197,37.246914],[117.026308,37.252509],[117.024262,37.263497],[117.032913,37.265781],[117.018283,37.278195],[116.996345,37.285301],[116.987535,37.321359],[116.980849,37.334697],[116.98132,37.34205],[117.00074,37.354432],[117.003727,37.358954],[116.993347,37.376272],[117.00223,37.391739],[117.013708,37.404615],[117.006158,37.418897],[117.012447,37.435079],[117.024634,37.44215],[117.032343,37.434626],[117.083059,37.434141],[117.096073,37.444855],[117.098756,37.454383],[117.092599,37.468792],[117.103568,37.478079],[117.118652,37.482928],[117.129401,37.474327],[117.157631,37.478102],[117.169892,37.485268],[117.19323,37.486342],[117.215052,37.512401],[117.223981,37.528118],[117.232119,37.53213],[117.25478,37.529319],[117.267323,37.531851]]]]}},{"type":"Feature","properties":{"adcode":371500,"name":"聊城市","center":[115.974719,36.455956]},"geometry":{"type":"MultiPolygon","coordinates":[[[[116.540734,36.408911],[116.544058,36.417329],[116.530358,36.418382],[116.534158,36.427565],[116.521563,36.424273],[116.506268,36.429901],[116.507217,36.441126],[116.50167,36.447866],[116.483678,36.454288],[116.475992,36.448153],[116.455792,36.449712],[116.449933,36.461643],[116.453493,36.479783],[116.440274,36.488602],[116.437345,36.497922],[116.424451,36.503372],[116.407221,36.51839],[116.395059,36.524458],[116.393401,36.533377],[116.394581,36.565989],[116.402317,36.580964],[116.405473,36.614838],[116.40018,36.631569],[116.407365,36.642761],[116.405387,36.676206],[116.401199,36.688593],[116.401277,36.704345],[116.390539,36.717853],[116.380201,36.724832],[116.388642,36.741211],[116.39243,36.741009],[116.39977,36.760712],[116.390373,36.791945],[116.370176,36.796526],[116.38611,36.802394],[116.391791,36.808914],[116.403319,36.806511],[116.402133,36.815195],[116.394,36.823319],[116.40371,36.837041],[116.40134,36.846162],[116.409475,36.855362],[116.406867,36.860521],[116.423779,36.86465],[116.428284,36.875891],[116.41366,36.876639],[116.410025,36.880795],[116.416266,36.889954],[116.412078,36.89371],[116.415712,36.904664],[116.428123,36.907832],[116.442127,36.899418],[116.446638,36.905862],[116.44347,36.914929],[116.434054,36.915912],[116.43888,36.923113],[116.437297,36.931621],[116.455738,36.940126],[116.464768,36.939468],[116.465321,36.9465],[116.452253,36.954779],[116.436819,36.953713],[116.428512,36.967601],[116.41523,36.975017],[116.399984,36.968464],[116.37347,36.965685],[116.364402,36.962662],[116.360617,36.971253],[116.335555,36.979683],[116.334374,36.971379],[116.318299,36.97149],[116.311285,36.981326],[116.299225,36.989731],[116.299619,36.994481],[116.285032,36.995262],[116.262149,37.010011],[116.24904,37.007779],[116.241928,37.019193],[116.244693,37.02498],[116.227145,37.031716],[116.21987,37.024885],[116.21655,37.009835],[116.230073,37.009648],[116.223512,36.995951],[116.205949,36.989581],[116.206346,36.981956],[116.213467,36.979131],[116.204843,36.969655],[116.205794,36.962627],[116.185687,36.962794],[116.177849,36.959065],[116.167002,36.947181],[116.167401,36.929164],[116.158533,36.91644],[116.140485,36.910215],[116.117781,36.890083],[116.109003,36.897114],[116.091386,36.890756],[116.092255,36.88332],[116.076467,36.88329],[116.069996,36.888934],[116.055961,36.888037],[116.044219,36.893978],[115.999893,36.883986],[115.942088,36.888334],[115.914872,36.892763],[115.889193,36.905436],[115.879625,36.906788],[115.876064,36.917335],[115.87021,36.91601],[115.862773,36.901213],[115.848049,36.904507],[115.852878,36.908073],[115.848285,36.915937],[115.843297,36.912372],[115.827221,36.918257],[115.826035,36.910541],[115.817482,36.913164],[115.812969,36.90824],[115.807267,36.913065],[115.785501,36.913952],[115.773953,36.904588],[115.774427,36.911822],[115.762802,36.920606],[115.759248,36.908695],[115.751899,36.902619],[115.734683,36.906022],[115.729316,36.896632],[115.720243,36.893242],[115.705416,36.882027],[115.694143,36.866612],[115.694933,36.860412],[115.682718,36.840034],[115.686423,36.829066],[115.678387,36.812715],[115.665778,36.809057],[115.660418,36.812269],[115.644733,36.807334],[115.631725,36.797347],[115.578981,36.780911],[115.566405,36.775211],[115.55477,36.78364],[115.555563,36.775594],[115.546853,36.775697],[115.543685,36.782697],[115.53291,36.783912],[115.53101,36.772416],[115.522926,36.773715],[115.517696,36.76361],[115.500573,36.770167],[115.485432,36.761272],[115.472355,36.758432],[115.469426,36.743845],[115.454852,36.731472],[115.453665,36.717005],[115.444403,36.71322],[115.445274,36.7018],[115.440526,36.694217],[115.414431,36.686331],[115.405978,36.676065],[115.400294,36.662833],[115.38017,36.655907],[115.381827,36.646038],[115.372365,36.63249],[115.35991,36.621594],[115.349035,36.627069],[115.338951,36.612081],[115.344624,36.606331],[115.335407,36.603178],[115.334305,36.594952],[115.345492,36.59469],[115.344469,36.589756],[115.331785,36.588695],[115.32824,36.582199],[115.32525,36.549961],[115.30146,36.527229],[115.294525,36.525753],[115.289085,36.533073],[115.282385,36.528341],[115.289244,36.523029],[115.286643,36.514233],[115.290586,36.508682],[115.283807,36.497639],[115.266929,36.497253],[115.270165,36.4868],[115.277579,36.486271],[115.278763,36.4763],[115.287752,36.475927],[115.282943,36.469863],[115.285467,36.46045],[115.294295,36.465745],[115.31108,36.453856],[115.310925,36.432417],[115.306119,36.433431],[115.291463,36.413338],[115.307541,36.406471],[115.318886,36.404921],[115.333933,36.39789],[115.342521,36.38443],[115.343549,36.362889],[115.362621,36.3424],[115.364356,36.332528],[115.353718,36.318525],[115.360576,36.308723],[115.388492,36.322352],[115.408861,36.326296],[115.416843,36.32195],[115.413288,36.310666],[115.416845,36.302367],[115.410919,36.29253],[115.42238,36.285967],[115.430289,36.276139],[115.440021,36.273574],[115.456645,36.275944],[115.462903,36.265195],[115.459341,36.250227],[115.470511,36.246383],[115.469959,36.218751],[115.47313,36.209438],[115.469962,36.192925],[115.47472,36.171626],[115.47924,36.139619],[115.478291,36.125763],[115.467992,36.098019],[115.462843,36.092107],[115.460389,36.079573],[115.453737,36.080244],[115.449066,36.071141],[115.45358,36.063227],[115.435534,36.055594],[115.442816,36.047235],[115.441474,36.011684],[115.437043,36.008723],[115.413559,36.004573],[115.38987,35.991505],[115.380246,35.974314],[115.357066,35.971875],[115.350448,35.954522],[115.348165,35.9374],[115.358095,35.929366],[115.361407,35.92021],[115.358257,35.893926],[115.348882,35.869187],[115.337614,35.872084],[115.33218,35.864638],[115.343604,35.860889],[115.338091,35.838687],[115.329743,35.814296],[115.329036,35.796697],[115.357481,35.779854],[115.364889,35.788767],[115.401494,35.80853],[115.41184,35.824872],[115.426779,35.833763],[115.427807,35.838953],[115.454077,35.867651],[115.482122,35.880771],[115.489492,35.896026],[115.484813,35.908367],[115.499557,35.914445],[115.504948,35.908062],[115.499083,35.899132],[115.507486,35.890408],[115.542512,35.898159],[115.578124,35.921911],[115.601751,35.92605],[115.636786,35.920228],[115.646167,35.929082],[115.669732,35.938555],[115.678401,35.94449],[115.681237,35.955294],[115.69298,35.96612],[115.712139,35.971433],[115.727287,35.966843],[115.758559,35.971002],[115.768915,35.974528],[115.768756,35.981894],[115.780934,35.991252],[115.774053,35.993795],[115.791773,36.007004],[115.811562,36.01282],[115.831833,36.011118],[115.840623,36.005107],[115.854082,36.003836],[115.863896,36.015502],[115.890473,36.026367],[115.913779,36.019854],[115.93035,36.031609],[115.958491,36.041707],[115.984161,36.04548],[116.010686,36.061329],[116.023044,36.072208],[116.051555,36.104751],[116.093446,36.111855],[116.108141,36.121835],[116.118022,36.13622],[116.158539,36.145929],[116.158615,36.168702],[116.163683,36.171173],[116.207383,36.169756],[116.220437,36.173688],[116.229293,36.180881],[116.249443,36.203651],[116.274545,36.221877],[116.280618,36.239095],[116.301511,36.25935],[116.305136,36.270392],[116.316956,36.284521],[116.325544,36.29051],[116.368733,36.303655],[116.400925,36.318743],[116.424788,36.317746],[116.435623,36.321506],[116.443297,36.336907],[116.478936,36.336791],[116.498111,36.369869],[116.514435,36.384089],[116.523072,36.387213],[116.540734,36.408911]]],[[[115.489492,35.896026],[115.482122,35.880771],[115.497577,35.888717],[115.507486,35.890408],[115.499083,35.899132],[115.489492,35.896026]]]]}},{"type":"Feature","properties":{"adcode":371600,"name":"滨州市","center":[118.010943,37.382774]},"geometry":{"type":"MultiPolygon","coordinates":[[[[117.267323,37.531851],[117.269453,37.525425],[117.278284,37.521491],[117.280414,37.509271],[117.30106,37.506941],[117.311538,37.498551],[117.306419,37.48626],[117.279788,37.478561],[117.277896,37.470824],[117.298465,37.46528],[117.301617,37.461147],[117.289327,37.453028],[117.303037,37.446695],[117.347062,37.450027],[117.363452,37.435152],[117.361956,37.418675],[117.353921,37.404826],[117.362353,37.395518],[117.394686,37.378166],[117.409056,37.363304],[117.401398,37.352771],[117.407558,37.34844],[117.402665,37.32081],[117.411276,37.295719],[117.423841,37.284312],[117.426056,37.271187],[117.430563,37.27151],[117.431989,37.257029],[117.437605,37.249237],[117.424715,37.253559],[117.418076,37.24253],[117.422819,37.238952],[117.402438,37.238863],[117.396046,37.223977],[117.398651,37.216333],[117.411603,37.199214],[117.429783,37.183459],[117.436428,37.170085],[117.437774,37.156104],[117.444421,37.153206],[117.444423,37.142967],[117.449333,37.116952],[117.453529,37.109227],[117.435804,37.092849],[117.402929,37.088678],[117.384859,37.082742],[117.359003,37.068575],[117.330253,37.073292],[117.333248,37.055777],[117.330492,37.046207],[117.31994,37.035575],[117.30923,37.029968],[117.3112,37.020347],[117.322306,37.010628],[117.347273,37.002718],[117.359091,36.994315],[117.372021,36.956362],[117.385348,36.951355],[117.397736,36.954385],[117.399868,36.949352],[117.408631,36.956582],[117.410606,36.95199],[117.438193,36.957489],[117.452517,36.957076],[117.471446,36.960597],[117.470335,36.967783],[117.488401,36.971827],[117.503778,36.968798],[117.513844,36.956686],[117.530879,36.9781],[117.543157,36.979448],[117.549334,36.970435],[117.543395,36.964712],[117.559546,36.959631],[117.558756,36.944771],[117.547754,36.940396],[117.545379,36.933519],[117.533576,36.941121],[117.52827,36.931239],[117.563349,36.915451],[117.577904,36.893924],[117.57917,36.886569],[117.574031,36.877849],[117.571503,36.862611],[117.574667,36.851136],[117.60272,36.821623],[117.642243,36.805217],[117.671877,36.782988],[117.68165,36.76359],[117.690005,36.753844],[117.71815,36.755683],[117.741274,36.748256],[117.730619,36.729114],[117.733935,36.720698],[117.712478,36.70445],[117.712006,36.697557],[117.719657,36.694942],[117.74815,36.696648],[117.771938,36.694933],[117.775971,36.702752],[117.787045,36.707173],[117.789179,36.719477],[117.804216,36.734123],[117.814822,36.756092],[117.820523,36.76275],[117.828521,36.751633],[117.827097,36.74458],[117.846654,36.750504],[117.844832,36.764518],[117.834457,36.777271],[117.819729,36.775563],[117.818382,36.787651],[117.809593,36.788275],[117.808721,36.797],[117.814975,36.801214],[117.81616,36.824827],[117.825977,36.836327],[117.822095,36.85556],[117.826925,36.85965],[117.850758,36.859653],[117.859782,36.866265],[117.869358,36.860999],[117.885336,36.864174],[117.886047,36.871572],[117.911254,36.869496],[117.913147,36.879852],[117.92396,36.889958],[117.934846,36.891344],[117.934529,36.900898],[117.944858,36.90184],[117.954865,36.910053],[117.955967,36.92216],[117.943359,36.918069],[117.937602,36.929708],[117.929637,36.915453],[117.930346,36.934593],[117.926006,36.941589],[117.907611,36.953386],[117.904529,36.962293],[117.906188,36.974833],[117.900815,36.981382],[117.864676,36.985109],[117.860796,36.992929],[117.860557,37.006661],[117.864673,37.013013],[117.86016,37.023343],[117.835933,37.025935],[117.834428,37.035111],[117.841472,37.065523],[117.794362,37.070266],[117.765729,37.068481],[117.755929,37.065286],[117.733738,37.064373],[117.720638,37.068214],[117.696983,37.068167],[117.667983,37.072688],[117.638743,37.083467],[117.613504,37.089715],[117.60261,37.090239],[117.585075,37.084614],[117.569183,37.088786],[117.561982,37.109866],[117.571078,37.114344],[117.568547,37.120639],[117.551533,37.12376],[117.545355,37.146302],[117.568385,37.150925],[117.580482,37.159782],[117.586172,37.169188],[117.592332,37.202604],[117.609465,37.212237],[117.621299,37.227594],[117.62453,37.246775],[117.638407,37.26534],[117.65354,37.27355],[117.670009,37.269541],[117.687425,37.257055],[117.723773,37.248447],[117.754249,37.244294],[117.767605,37.244299],[117.776066,37.248047],[117.812862,37.275395],[117.832658,37.282075],[117.84501,37.281898],[117.871765,37.27251],[117.882681,37.261819],[117.903469,37.264571],[117.935512,37.280021],[117.943004,37.267756],[117.941192,37.261631],[117.957976,37.271186],[117.984671,37.261724],[117.98483,37.248354],[117.990498,37.245631],[117.975148,37.237836],[117.967985,37.215921],[117.974993,37.218092],[117.978458,37.209762],[117.988455,37.212082],[118.004907,37.206896],[118.013565,37.209617],[118.016319,37.221393],[118.030727,37.220159],[118.040179,37.215556],[118.041913,37.204802],[118.05799,37.209269],[118.067926,37.203281],[118.071793,37.188144],[118.076844,37.184792],[118.065406,37.176881],[118.068325,37.169547],[118.056261,37.161758],[118.05374,37.150329],[118.058944,37.138804],[118.073538,37.120013],[118.062495,37.115125],[118.051145,37.105418],[118.039404,37.105285],[118.039878,37.097509],[118.050752,37.09294],[118.056901,37.082122],[118.079933,37.091144],[118.10505,37.093888],[118.109792,37.09987],[118.124345,37.090352],[118.129964,37.07704],[118.130124,37.064635],[118.150862,37.064587],[118.151576,37.057088],[118.144768,37.054046],[118.145401,37.046348],[118.133528,37.043657],[118.133213,37.032405],[118.127912,37.025255],[118.133215,37.014008],[118.1329,37.005305],[118.147149,36.999857],[118.145408,36.987878],[118.155305,36.987935],[118.15491,36.981306],[118.186982,36.977173],[118.189281,36.966793],[118.203848,36.962624],[118.216668,36.966596],[118.225527,36.974312],[118.229243,36.985055],[118.241496,36.985621],[118.244972,37.002429],[118.256743,37.00219],[118.265586,37.006217],[118.282948,36.999455],[118.28413,37.008914],[118.302346,37.019305],[118.304316,37.027642],[118.32,37.034836],[118.318659,37.045651],[118.331663,37.053246],[118.332606,37.071593],[118.327009,37.081255],[118.332919,37.093207],[118.332366,37.102417],[118.3434,37.101041],[118.332285,37.122428],[118.340166,37.12321],[118.334727,37.131032],[118.341661,37.139069],[118.350254,37.138576],[118.355613,37.147731],[118.360581,37.14601],[118.371541,37.153367],[118.374458,37.174357],[118.381558,37.177019],[118.377375,37.189768],[118.37059,37.196147],[118.369958,37.205306],[118.358208,37.209383],[118.340705,37.232463],[118.344487,37.242964],[118.35434,37.243742],[118.362381,37.257737],[118.369715,37.257648],[118.366085,37.272851],[118.356623,37.272945],[118.362063,37.278744],[118.352286,37.279834],[118.349211,37.286165],[118.336207,37.286267],[118.336206,37.294262],[118.319655,37.296084],[118.320127,37.305747],[118.313822,37.305202],[118.309328,37.313998],[118.309481,37.351725],[118.281409,37.351687],[118.285983,37.357763],[118.280618,37.362022],[118.267756,37.359292],[118.256148,37.363549],[118.252672,37.378371],[118.23995,37.375907],[118.239477,37.367045],[118.216859,37.367107],[118.212032,37.370717],[118.211002,37.384423],[118.196042,37.38162],[118.154944,37.361717],[118.150114,37.363457],[118.148846,37.376529],[118.135547,37.375595],[118.129374,37.383931],[118.137919,37.391927],[118.155337,37.389095],[118.154069,37.398747],[118.159533,37.407335],[118.157868,37.415871],[118.143851,37.43745],[118.13,37.440766],[118.108723,37.438803],[118.112359,37.45524],[118.119159,37.458182],[118.106586,37.462581],[118.114253,37.479809],[118.12232,37.482752],[118.121686,37.490887],[118.128885,37.495814],[118.128092,37.506446],[118.133236,37.506492],[118.130623,37.515851],[118.136401,37.518],[118.14487,37.529594],[118.150886,37.529445],[118.153736,37.538255],[118.167197,37.545972],[118.170047,37.556247],[118.167116,37.562704],[118.135288,37.555356],[118.128007,37.557528],[118.13307,37.570418],[118.125158,37.57033],[118.121439,37.577143],[118.128716,37.589081],[118.142565,37.593143],[118.140586,37.599004],[118.148819,37.604565],[118.151351,37.619427],[118.148816,37.627108],[118.157446,37.629777],[118.159504,37.643723],[118.166473,37.643182],[118.171065,37.656734],[118.189436,37.660887],[118.194662,37.666558],[118.201472,37.660748],[118.219752,37.662871],[118.233515,37.655161],[118.24055,37.65758],[118.255089,37.653819],[118.27869,37.661247],[118.28721,37.669275],[118.288154,37.677707],[118.299194,37.682284],[118.298562,37.689885],[118.310227,37.713295],[118.313459,37.712062],[118.311566,37.727537],[118.331505,37.728606],[118.335916,37.745767],[118.347659,37.749227],[118.347028,37.757218],[118.334653,37.763014],[118.334573,37.773493],[118.342374,37.789808],[118.355853,37.791129],[118.346312,37.813359],[118.350331,37.819913],[118.338902,37.823727],[118.340083,37.83147],[118.328262,37.831255],[118.334171,37.83717],[118.32211,37.86441],[118.307293,37.860686],[118.295703,37.869394],[118.280403,37.856104],[118.26383,37.852326],[118.252381,37.843401],[118.252221,37.854107],[118.24171,37.871011],[118.242819,37.857385],[118.233173,37.867926],[118.230641,37.88372],[118.237202,37.894898],[118.229452,37.904565],[118.226761,37.921733],[118.219642,37.922634],[118.220985,37.938894],[118.218768,37.94978],[118.20951,37.948586],[118.207531,37.954618],[118.217502,37.95901],[118.214888,37.981804],[118.22359,37.985678],[118.217418,38.00018],[118.221606,38.037117],[118.224689,38.055992],[118.220652,38.078833],[118.229352,38.082228],[118.239549,38.10259],[118.235279,38.111406],[118.221675,38.118521],[118.230296,38.125022],[118.239465,38.143562],[118.210833,38.146172],[118.171793,38.185598],[118.105863,38.209335],[118.038957,38.213185],[118.026831,38.205118],[118.01266,38.201895],[117.991565,38.211237],[117.929483,38.254566],[117.890786,38.279091],[117.887464,38.287452],[117.889755,38.301116],[117.854869,38.274024],[117.841491,38.253341],[117.817499,38.235027],[117.802457,38.227731],[117.799766,38.217076],[117.791694,38.207041],[117.789955,38.192924],[117.783074,38.180058],[117.795181,38.174568],[117.78806,38.167164],[117.765519,38.165372],[117.760777,38.157975],[117.765918,38.138109],[117.762598,38.131182],[117.737007,38.122681],[117.72446,38.107615],[117.723041,38.093089],[117.698362,38.075363],[117.67338,38.078913],[117.659986,38.071928],[117.638944,38.071806],[117.610786,38.068488],[117.599102,38.072471],[117.577767,38.070099],[117.570177,38.064577],[117.558863,38.063102],[117.550474,38.056626],[117.554354,38.040402],[117.539866,38.026223],[117.534957,38.010603],[117.543273,38.009638],[117.557526,37.997997],[117.564652,37.956679],[117.561805,37.94618],[117.522923,37.931613],[117.533226,37.912894],[117.536714,37.889492],[117.54115,37.882553],[117.562841,37.881807],[117.574628,37.874713],[117.575105,37.858402],[117.589728,37.852922],[117.600629,37.844627],[117.59905,37.838385],[117.589335,37.834156],[117.582066,37.822139],[117.560239,37.812115],[117.562613,37.804372],[117.553908,37.799378],[117.54053,37.775707],[117.541322,37.766852],[117.520407,37.762249],[117.516049,37.754643],[117.525481,37.747511],[117.538078,37.747029],[117.541167,37.736831],[117.536575,37.725583],[117.550197,37.716038],[117.533724,37.71331],[117.537053,37.70295],[117.525171,37.688195],[117.500285,37.686025],[117.497273,37.679761],[117.482374,37.676194],[117.470808,37.653553],[117.459323,37.654672],[117.445625,37.669057],[117.43787,37.670984],[117.422451,37.664788],[117.409019,37.668621],[117.400805,37.677884],[117.386604,37.659082],[117.366736,37.647658],[117.357516,37.648701],[117.351291,37.657582],[117.351841,37.672033],[117.357276,37.678636],[117.359401,37.697435],[117.346245,37.706442],[117.338291,37.692247],[117.341207,37.682424],[117.323173,37.672483],[117.312227,37.661179],[117.306322,37.641111],[117.29876,37.639698],[117.306402,37.632872],[117.311603,37.614244],[117.30869,37.599628],[117.302154,37.589138],[117.28285,37.576323],[117.274574,37.565431],[117.27158,37.544618],[117.267323,37.531851]]],[[[118.401668,38.025278],[118.413837,38.024572],[118.413201,38.052193],[118.403877,38.052349],[118.401668,38.025278]]]]}},{"type":"Feature","properties":{"adcode":371700,"name":"菏泽市","center":[115.463474,35.246868]},"geometry":{"type":"MultiPolygon","coordinates":[[[[115.87048,35.867326],[115.865892,35.858526],[115.867076,35.872995],[115.859954,35.868811],[115.854414,35.858064],[115.835254,35.85734],[115.83573,35.850168],[115.815696,35.852765],[115.811105,35.844367],[115.767583,35.854241],[115.757941,35.838428],[115.747118,35.838427],[115.747355,35.832995],[115.729116,35.833004],[115.722174,35.815698],[115.714522,35.817166],[115.711684,35.802814],[115.700644,35.805711],[115.698674,35.789045],[115.690555,35.789018],[115.692528,35.768529],[115.687879,35.754215],[115.659428,35.751265],[115.637435,35.744079],[115.613928,35.739478],[115.583282,35.73879],[115.577432,35.73083],[115.556861,35.738879],[115.547123,35.73054],[115.527476,35.734307],[115.518363,35.726489],[115.505681,35.727264],[115.480079,35.710179],[115.455522,35.68084],[115.44642,35.660716],[115.433364,35.643429],[115.410203,35.623947],[115.405861,35.603543],[115.388415,35.58688],[115.383682,35.577329],[115.377687,35.57766],[115.377214,35.568918],[115.364755,35.571047],[115.363496,35.559785],[115.353249,35.565495],[115.35199,35.55476],[115.339146,35.553685],[115.340013,35.547055],[115.354512,35.543327],[115.347577,35.540614],[115.344349,35.529555],[115.351995,35.506636],[115.349789,35.49024],[115.333165,35.4908],[115.301257,35.480194],[115.280843,35.464714],[115.264989,35.457074],[115.266805,35.448563],[115.251652,35.435864],[115.231513,35.423396],[115.203998,35.423365],[115.192052,35.420903],[115.183664,35.425327],[115.161743,35.426264],[115.130892,35.421653],[115.120457,35.418139],[115.120616,35.408852],[115.111844,35.400249],[115.112001,35.418499],[115.108843,35.404241],[115.099918,35.404075],[115.08563,35.416177],[115.078847,35.410195],[115.082635,35.393122],[115.069468,35.375328],[115.051818,35.378659],[115.037409,35.377183],[115.029303,35.368565],[115.019549,35.346624],[115.011918,35.340898],[115.008773,35.318442],[114.999019,35.317656],[114.98195,35.302659],[114.958029,35.274291],[114.970151,35.270793],[114.969916,35.262063],[114.952124,35.261697],[114.949054,35.256032],[114.92423,35.248847],[114.926995,35.199329],[114.922816,35.195454],[114.903879,35.195179],[114.871089,35.189688],[114.856142,35.183051],[114.844748,35.17327],[114.835491,35.159896],[114.836125,35.151849],[114.855117,35.138113],[114.867062,35.12673],[114.878134,35.110435],[114.877423,35.09956],[114.870783,35.091909],[114.855677,35.083752],[114.82624,35.074908],[114.813659,35.052513],[114.828459,35.042927],[114.845395,35.042714],[114.849747,35.036994],[114.841441,35.024254],[114.821498,35.010918],[114.853786,35.003529],[114.864462,35.025315],[114.878932,35.022795],[114.874824,35.004376],[114.884231,34.994889],[114.902478,34.990269],[114.908478,34.978806],[114.918342,34.969671],[114.929303,34.981615],[114.941282,34.98958],[114.964748,34.99133],[115.002357,34.989216],[115.010304,34.978057],[115.02305,34.972493],[115.031783,34.982254],[115.045795,34.9866],[115.069034,35.000926],[115.100197,35.001316],[115.12216,35.004889],[115.127062,35.000228],[115.125246,34.984139],[115.140666,34.98072],[115.151347,34.967595],[115.151031,34.958627],[115.169152,34.963123],[115.19582,34.951705],[115.202464,34.959047],[115.213379,34.961354],[115.216385,34.946329],[115.205946,34.944103],[115.19693,34.926353],[115.199147,34.915008],[115.23362,34.912671],[115.246418,34.90739],[115.243497,34.895341],[115.235045,34.884682],[115.233624,34.875499],[115.237734,34.851025],[115.250372,34.846188],[115.268917,34.855613],[115.283824,34.852441],[115.296594,34.85964],[115.311329,34.859985],[115.323778,34.852253],[115.340087,34.846973],[115.351041,34.838054],[115.373271,34.829491],[115.388022,34.832513],[115.402548,34.826643],[115.410211,34.814051],[115.407921,34.808553],[115.420802,34.806139],[115.42871,34.791088],[115.43061,34.777587],[115.443351,34.745134],[115.431326,34.735138],[115.427926,34.725934],[115.439002,34.711162],[115.44114,34.699498],[115.438848,34.675373],[115.452306,34.657106],[115.455554,34.638242],[115.47322,34.626895],[115.485822,34.608093],[115.509921,34.583768],[115.529577,34.574523],[115.549221,34.57033],[115.555634,34.573512],[115.571302,34.571971],[115.588301,34.574495],[115.604889,34.573385],[115.616413,34.576053],[115.634006,34.572825],[115.638106,34.568991],[115.663885,34.558204],[115.678859,34.556817],[115.691705,34.570211],[115.693516,34.600041],[115.705815,34.599815],[115.712598,34.592236],[115.756412,34.588836],[115.790337,34.579646],[115.796828,34.573648],[115.821925,34.559491],[115.833328,34.561818],[115.832614,34.56902],[115.844253,34.56686],[115.852883,34.571237],[115.940827,34.582893],[115.964546,34.583831],[115.978563,34.590458],[115.979269,34.608393],[115.985883,34.616477],[115.996037,34.620149],[116.004617,34.616914],[116.018316,34.603011],[116.031939,34.594046],[116.049428,34.596391],[116.076947,34.609225],[116.09558,34.606705],[116.112176,34.590706],[116.119136,34.573263],[116.128866,34.560679],[116.141211,34.554191],[116.151026,34.554743],[116.184594,34.571556],[116.193539,34.578527],[116.211425,34.576209],[116.227958,34.556264],[116.242265,34.552896],[116.247478,34.566851],[116.253718,34.568744],[116.260586,34.584874],[116.269426,34.585734],[116.273213,34.603216],[116.280628,34.609873],[116.295612,34.608824],[116.305387,34.602474],[116.319415,34.602119],[116.328475,34.621887],[116.345339,34.622102],[116.366543,34.634364],[116.368592,34.640859],[116.358814,34.652755],[116.372611,34.66889],[116.372451,34.685002],[116.37955,34.687542],[116.379865,34.695554],[116.387044,34.704711],[116.386175,34.711161],[116.371423,34.71898],[116.358177,34.716041],[116.362827,34.726138],[116.360066,34.743595],[116.3659,34.750936],[116.397537,34.757069],[116.400689,34.820842],[116.404081,34.853611],[116.368175,34.866057],[116.358241,34.861808],[116.329633,34.863089],[116.329475,34.868788],[116.320255,34.875693],[116.293534,34.878526],[116.281231,34.882395],[116.260792,34.898313],[116.221438,34.912561],[116.208305,34.913856],[116.196037,34.920434],[116.186932,34.939877],[116.156528,34.944244],[116.149482,34.947876],[116.156368,34.95825],[116.165868,34.96531],[116.165155,34.975299],[116.134043,34.995961],[116.109997,35.026058],[116.10881,35.040296],[116.113631,35.053838],[116.1357,35.055538],[116.134512,35.060649],[116.148201,35.088925],[116.1353,35.091196],[116.148594,35.113944],[116.176146,35.112523],[116.199339,35.146155],[116.208993,35.156097],[116.218089,35.173714],[116.216348,35.182289],[116.207564,35.197142],[116.222832,35.194833],[116.229,35.200473],[116.22892,35.208721],[116.242753,35.196111],[116.263604,35.191657],[116.278751,35.225492],[116.280091,35.243081],[116.264148,35.270271],[116.260359,35.271946],[116.231682,35.26215],[116.218001,35.260832],[116.210086,35.291664],[116.194019,35.305302],[116.187841,35.33783],[116.196152,35.345468],[116.209606,35.351032],[116.215618,35.358907],[116.218306,35.371992],[116.210313,35.3937],[116.207068,35.409298],[116.21039,35.420097],[116.209913,35.436184],[116.198834,35.436289],[116.196457,35.458436],[116.201205,35.465894],[116.191074,35.463516],[116.182681,35.467939],[116.18268,35.477464],[116.172151,35.46629],[116.173023,35.450495],[116.162255,35.452348],[116.151171,35.446954],[116.155207,35.471673],[116.144282,35.46966],[116.123787,35.475291],[116.122995,35.489659],[116.115482,35.497913],[116.11975,35.516065],[116.117612,35.540594],[116.109465,35.566454],[116.108516,35.577432],[116.119346,35.587848],[116.119346,35.593823],[116.11041,35.606581],[116.110093,35.618367],[116.128595,35.638497],[116.121712,35.649378],[116.116017,35.674518],[116.097204,35.687263],[116.084016,35.699287],[116.07407,35.712369],[116.065234,35.718997],[116.035759,35.733872],[116.021189,35.749699],[116.0119,35.7563],[115.96474,35.78232],[115.939996,35.792189],[115.916644,35.799395],[115.920511,35.804989],[115.906456,35.811972],[115.892709,35.805442],[115.878081,35.808392],[115.871592,35.820875],[115.869692,35.835306],[115.87048,35.867326]]]]}}],"metadata":{"source":"https://geo.datav.aliyun.com/areas_v3/bound/370000_full.json","processing":"approximate GCJ-02 to WGS84","note":"display background only; not a statutory boundary; redistribution terms not confirmed"}}
